trial_id,learning_rate,subsample,n_estimators,cv_rmse,resource,trees,incremental_trees,stage_seconds
31770cc5,0.061053157936408836,0.9802857225639665,160,7.325931876554854,0.25,40,40,0.25939000002108514
31770cc5,0.061053157936408836,0.9802857225639665,160,5.933462775277247,0.5,80,40,0.13839720003306866
31770cc5,0.061053157936408836,0.9802857225639665,160,5.501029014216558,0.75,120,40,0.1379997000331059
31770cc5,0.061053157936408836,0.9802857225639665,160,5.263476737549772,1.0,160,40,0.14565029996447265
9a655c2b,0.09340308327072934,0.6624074561769746,73,8.208158649308793,0.25,19,19,0.19673660001717508
b482507f,0.033494758473134406,0.9464704583099741,140,9.662734959086002,0.25,35,35,0.24300559994298965
076aca31,0.11494985844370333,0.608233797718321,196,5.7081058179392254,0.25,49,49,0.2744296999881044
076aca31,0.11494985844370333,0.608233797718321,196,5.085922710647372,0.5,98,49,0.15912029996979982
076aca31,0.11494985844370333,0.608233797718321,196,4.856660658719877,0.75,147,49,0.1610942999832332
076aca31,0.11494985844370333,0.608233797718321,196,4.752135076291841,1.0,196,49,0.16074920003302395
9974c9f1,0.14553854298843344,0.6849356442713105,77,6.878717839380315,0.25,20,20,0.20802369993180037
9974c9f1,0.14553854298843344,0.6849356442713105,77,5.721313893517184,0.5,39,19,0.09049279999453574
f40e8452,0.042484433685853404,0.7216968971838151,129,8.958939124118492,0.25,33,33,0.2500839000567794
1bf5b01a,0.06807764614983679,0.7164916560792167,142,7.223994225878099,0.25,36,36,0.2608423000201583
1bf5b01a,0.06807764614983679,0.7164916560792167,142,5.872405725297497,0.5,71,35,0.1295794000616297
567822bd,0.039088721491346144,0.7168578594140873,105,9.935752733762001,0.25,27,27,0.2245941999135539
d435e17b,0.07126582239713602,0.9140703845572055,80,8.942487627913836,0.25,20,20,0.23415090003982186
9ea948c2,0.07957992095277988,0.836965827544817,57,9.5106990214069,0.25,15,15,0.1855282000033185
634b1b59,0.11142973086165871,0.800174566649509,199,5.7378574006221985,0.25,50,50,0.29161429998930544
634b1b59,0.11142973086165871,0.800174566649509,199,5.1387131394485435,0.5,100,50,0.17067590006627142
634b1b59,0.11142973086165871,0.800174566649509,199,4.88780221841157,0.75,150,50,0.17109269998036325
634b1b59,0.11142973086165871,0.800174566649509,199,4.781799053123271,1.0,199,49,0.16963880008552223
0e45ab7c,0.1513549239238528,0.7719877130065047,196,5.440780248558891,0.25,49,49,0.2726339999353513
0e45ab7c,0.1513549239238528,0.7719877130065047,196,4.9879269849014864,0.5,98,49,0.16099989996291697
0e45ab7c,0.1513549239238528,0.7719877130065047,196,4.812772024694418,0.75,147,49,0.16103870002552867
0e45ab7c,0.1513549239238528,0.7719877130065047,196,4.800353889010295,1.0,196,49,0.1707641000393778
925cd0b4,0.08119798755231544,0.8266175324404526,181,6.299288500486585,0.25,46,46,0.2602871999843046
925cd0b4,0.08119798755231544,0.8266175324404526,181,5.431353592852924,0.5,91,45,0.15613040002062917
3867359c,0.11081389254824099,0.6376118972385363,175,5.859038111625838,0.25,44,44,0.2566965000005439
3867359c,0.11081389254824099,0.6376118972385363,175,5.168254947815401,0.5,88,44,0.14786159992218018
3867359c,0.11081389254824099,0.6376118972385363,175,4.939397303149919,0.75,132,44,0.1492494000121951
3867359c,0.11081389254824099,0.6376118972385363,175,4.811515350328428,1.0,175,43,0.15014959999825805
d42db314,0.14374879804915613,0.9797400819044216,198,5.564905859306558,0.25,50,50,0.3021926999790594
d42db314,0.14374879804915613,0.9797400819044216,198,5.045767565856083,0.5,99,49,0.167509000049904
d42db314,0.14374879804915613,0.9797400819044216,198,4.859338842694642,0.75,149,50,0.16923590004444122
d42db314,0.14374879804915613,0.9797400819044216,198,4.744586687761157,1.0,198,49,0.16459070006385446
c692c5ce,0.18174064911361715,0.9576619516913355,191,5.400178427086445,0.25,48,48,0.28625619993545115
c692c5ce,0.18174064911361715,0.9576619516913355,191,4.981626452240721,0.5,96,48,0.15932320000138134
c692c5ce,0.18174064911361715,0.9576619516913355,191,4.866967805239938,0.75,144,48,0.1610023999819532
c692c5ce,0.18174064911361715,0.9576619516913355,191,4.771405273831787,1.0,191,47,0.1561217000707984
af69111e,0.1626228229234951,0.8149803026903184,156,5.601958203056133,0.25,39,39,0.2552904000040144
af69111e,0.1626228229234951,0.8149803026903184,156,5.06290311659275,0.5,78,39,0.13729949994012713
af69111e,0.1626228229234951,0.8149803026903184,156,4.884255306485016,0.75,117,39,0.1397741000400856
af69111e,0.1626228229234951,0.8149803026903184,156,4.805807455615242,1.0,156,39,0.1424923000158742
84f75026,0.13736084342398897,0.9144299083451702,171,5.633542589289239,0.25,43,43,0.258040799992159
84f75026,0.13736084342398897,0.9144299083451702,171,5.081110557058395,0.5,86,43,0.1467885000165552
84f75026,0.13736084342398897,0.9144299083451702,171,4.880171822029721,0.75,129,43,0.14731769997160882
84f75026,0.13736084342398897,0.9144299083451702,171,4.787395238174426,1.0,171,42,0.14484269998501986
076bf712,0.18448682291250332,0.6973613011542326,171,5.369483081711772,0.25,43,43,0.2547844999935478
076bf712,0.18448682291250332,0.6973613011542326,171,4.840576016271265,0.5,86,43,0.14798300003167242
076bf712,0.18448682291250332,0.6973613011542326,171,4.715228229091403,0.75,129,43,0.14724219997879118
076bf712,0.18448682291250332,0.6973613011542326,171,4.6435200534576815,1.0,171,42,0.14385170000605285
40bad83e,0.1864173627335818,0.6040617301302772,160,5.4761081177426725,0.25,40,40,0.25058899994473904
40bad83e,0.1864173627335818,0.6040617301302772,160,5.053465563958719,0.5,80,40,0.12904300005175173
40bad83e,0.1864173627335818,0.6040617301302772,160,4.890354887298225,0.75,120,40,0.14052120002452284
40bad83e,0.1864173627335818,0.6040617301302772,160,4.769322853364516,1.0,160,40,0.1411915000062436
63546c47,0.15281166315891168,0.7322343125270322,156,5.623703510115705,0.25,39,39,0.2591866999864578
63546c47,0.15281166315891168,0.7322343125270322,156,5.027200461338894,0.5,78,39,0.16284969996195287
63546c47,0.15281166315891168,0.7322343125270322,156,4.848398194788296,0.75,117,39,0.13979510008357465
63546c47,0.15281166315891168,0.7322343125270322,156,4.732710165295805,1.0,156,39,0.13726690004114062
082e0fab,0.12134638440932302,0.7425608256861815,148,5.954599434670575,0.25,37,37,0.2436122999060899
9a1b7bc9,0.1863502866312586,0.7441572735919688,176,5.345137526266761,0.25,44,44,0.2650130999973044
9a1b7bc9,0.1863502866312586,0.7441572735919688,176,4.986359577120076,0.5,88,44,0.14969899994321167
9a1b7bc9,0.1863502866312586,0.7441572735919688,176,4.88361684855731,0.75,132,44,0.15035609994083643
9a1b7bc9,0.1863502866312586,0.7441572735919688,176,4.815562209758868,1.0,176,44,0.1485753000015393
93cb7834,0.1323583871545256,0.6587544614754324,154,5.80939433847549,0.25,39,39,0.260422799969092
93cb7834,0.1323583871545256,0.6587544614754324,154,5.13553022687084,0.5,77,38,0.14318699995055795
cab4880c,0.19678804974060332,0.7000504371115963,154,5.42888677703309,0.25,39,39,0.25152429996524006
cab4880c,0.19678804974060332,0.7000504371115963,154,4.955260788475754,0.5,77,38,0.13120489998254925
cab4880c,0.19678804974060332,0.7000504371115963,154,4.7990224880614285,0.75,116,39,0.13625869993120432
cab4880c,0.19678804974060332,0.7000504371115963,154,4.7243561300523425,1.0,154,38,0.13700440002139658
ddb21724,0.1977668147329536,0.6535736909589206,131,5.630569185942764,0.25,33,33,0.24511889996938407
ddb21724,0.1977668147329536,0.6535736909589206,131,5.106400414152004,0.5,66,33,0.12517160002607852
464382a1,0.18321635848008333,0.7166523601104894,146,5.4570355109195186,0.25,37,37,0.24651430000085384
464382a1,0.18321635848008333,0.7166523601104894,146,5.004111148395987,0.5,73,36,0.13015410001389682
464382a1,0.18321635848008333,0.7166523601104894,146,4.805046580605399,0.75,110,37,0.13438960001803935
464382a1,0.18321635848008333,0.7166523601104894,146,4.71217512757598,1.0,146,36,0.1415946000488475
58c7075f,0.15464297720579614,0.7126407066534668,133,5.797864587370645,0.25,34,34,0.2380067000631243
622b341a,0.17978343232547936,0.6894176975595266,112,5.971797970442546,0.25,28,28,0.24294480006210506
d696b644,0.19393463384677292,0.6869459961022549,199,5.203919141672996,0.25,50,50,0.2763915000250563
d696b644,0.19393463384677292,0.6869459961022549,199,4.828107388598449,0.5,100,50,0.16688949998933822
d696b644,0.19393463384677292,0.6869459961022549,199,4.659735806798196,0.75,150,50,0.1709324000403285
d696b644,0.19393463384677292,0.6869459961022549,199,4.680683567492109,1.0,199,49,0.16752030001953244
f275e7b1,0.19333392341942,0.6568782804907656,194,5.272188618552656,0.25,49,49,0.27825480001047254
f275e7b1,0.19333392341942,0.6568782804907656,194,4.875488760112473,0.5,97,48,0.15786330006085336
f275e7b1,0.19333392341942,0.6568782804907656,194,4.756116450983224,0.75,146,49,0.1535132999997586
f275e7b1,0.19333392341942,0.6568782804907656,194,4.702801173252527,1.0,194,48,0.16020769998431206
45098f76,0.1860499107546295,0.6455784399655964,199,5.3754981624513265,0.25,50,50,0.2910690999124199
45098f76,0.1860499107546295,0.6455784399655964,199,4.99169783384454,0.5,100,50,0.16854570002760738
45098f76,0.1860499107546295,0.6455784399655964,199,4.870346256030045,0.75,150,50,0.16193779988680035
45098f76,0.1860499107546295,0.6455784399655964,199,4.8330440749248575,1.0,199,49,0.16846140008419752
c0a09cd2,0.12931673861438595,0.7410202541473871,174,5.671060667358226,0.25,44,44,0.26058160001412034
c0a09cd2,0.12931673861438595,0.7410202541473871,174,5.046366207001911,0.5,87,43,0.14712750003673136
c0a09cd2,0.12931673861438595,0.7410202541473871,174,4.801839977446096,0.75,131,44,0.14692230010405183
c0a09cd2,0.12931673861438595,0.7410202541473871,174,4.6791694622726565,1.0,174,43,0.14827689994126558
9f77c8c8,0.16124528512505595,0.6757954758750528,181,5.376439444895514,0.25,46,46,0.2634269999107346
9f77c8c8,0.16124528512505595,0.6757954758750528,181,4.901756200860277,0.5,91,45,0.1436526000034064
9f77c8c8,0.16124528512505595,0.6757954758750528,181,4.771308155956396,0.75,136,45,0.15128440002445132
9f77c8c8,0.16124528512505595,0.6757954758750528,181,4.717240380918492,1.0,181,45,0.1669110000366345
6bc9ec0c,0.11891393533648195,0.7567995690030664,182,5.691957130517093,0.25,46,46,0.28282510000281036
bebfa8fc,0.1962614389074007,0.7661049415298156,199,5.313976475982871,0.25,50,50,0.2870348000433296
bebfa8fc,0.1962614389074007,0.7661049415298156,199,4.944167359637598,0.5,100,50,0.16931050003040582
bebfa8fc,0.1962614389074007,0.7661049415298156,199,4.8506499958497775,0.75,150,50,0.17697189992759377
bebfa8fc,0.1962614389074007,0.7661049415298156,199,4.871382403846659,1.0,199,49,0.1712554000550881
9765bf57,0.18574370351267816,0.6951654839702285,199,5.187768231679739,0.25,50,50,0.2854362999787554
9765bf57,0.18574370351267816,0.6951654839702285,199,4.778083580368953,0.5,100,50,0.16037330008111894
9765bf57,0.18574370351267816,0.6951654839702285,199,4.6845907307872405,0.75,150,50,0.15006319992244244
9765bf57,0.18574370351267816,0.6951654839702285,199,4.636351408420583,1.0,199,49,0.1642930000089109
546681e7,0.19618562038791004,0.6538410106570312,165,5.389810421217175,0.25,42,42,0.254683299921453
546681e7,0.19618562038791004,0.6538410106570312,165,4.9818724312931035,0.5,83,41,0.14338909997604787
546681e7,0.19618562038791004,0.6538410106570312,165,4.862640562389514,0.75,124,41,0.2142417998984456
546681e7,0.19618562038791004,0.6538410106570312,165,4.782793506252377,1.0,165,41,0.14829569996800274
91aa67a7,0.19057480414057001,0.7016790776038879,188,5.222502146626273,0.25,47,47,0.27134550001937896
91aa67a7,0.19057480414057001,0.7016790776038879,188,4.867187544308405,0.5,94,47,0.15568720002193004
91aa67a7,0.19057480414057001,0.7016790776038879,188,4.652225664469565,0.75,141,47,0.15799729991704226
91aa67a7,0.19057480414057001,0.7016790776038879,188,4.609611939431095,1.0,188,47,0.1497471999609843
260b88b9,0.14274236500920517,0.7868841847341693,181,5.639224478435823,0.25,46,46,0.2902443000348285
