generation,best,evaluations,convergence
1,4.623543585225309,60,0.12778817869164388
2,4.623543585225309,90,0.15686091794051676
3,4.623543585225309,120,0.29869242816628605
4,4.623543585225309,150,0.3820225964490149
5,4.623543585225309,180,0.5392826461249848
6,4.623543585225309,210,0.5650775412970778
7,4.6080141747140635,240,0.651020955794909
8,4.598111119646815,270,0.7273343720268275
9,4.598111119646815,300,0.8527555301304013
10,4.598111119646815,330,0.8622166515083693
11,4.598111119646815,360,0.9435324368559588
12,4.598111119646815,390,1.0807900993155053
