source_row,y_true,y_pred,residual
951,19.01,21.746296381594274,-2.736296381594272
654,24.29,20.20145915559898,4.08854084440102
706,26.32,22.597813783692562,3.7221862163074384
538,34.57,40.8823042373925,-6.312304237392503
389,44.13,40.18350015136988,3.9464998486301255
679,33.0,30.22538417329326,2.7746158267067393
680,17.28,19.71277416948387,-2.432774169483867
553,25.42,23.401713082608357,2.018286917391645
345,33.73,31.274106945812306,2.4558930541876904
70,34.4,28.201805192587628,6.198194807412371
915,28.99,26.545374284447167,2.4446257155528315
395,49.25,33.38832811853149,15.86167188146851
791,41.05,40.19507606747082,0.8549239325291751
480,39.3,43.81905632557914,-4.519056325579143
271,33.73,35.01179571186452,-1.2817957118645253
635,15.58,13.580224423949893,1.9997755760501068
729,37.91,39.052320125473024,-1.1423201254730273
1004,52.83,51.59013696672534,1.2398630332746592
322,42.03,45.655110656634065,-3.625110656634064
108,47.1,38.543396100251435,8.556603899748566
985,33.8,40.49185491081703,-6.691854910817035
629,11.17,11.855424903437358,-0.6854249034373581
237,47.13,45.82555792365622,1.3044420763437827
261,37.4,31.69326563799751,5.706734362002489
617,9.31,6.983789878909714,2.326210121090287
305,41.89,39.0877317750313,2.8022682249686994
401,58.52,57.08372179474967,1.436278205250332
310,35.23,35.359122794764005,-0.12912279476400812
412,15.52,18.485392681110106,-2.9653926811101066
908,44.52,48.7185521455504,-4.198552145550394
741,43.89,42.689318813356046,1.2006811866439548
818,55.94,46.33752464183977,9.602475358160227
102,46.9,54.936219014205946,-8.036219014205948
268,47.82,48.24862575398467,-0.42862575398466873
770,14.99,14.263925838611643,0.7260741613883575
76,40.2,43.61951802099074,-3.4195180209907363
958,49.77,48.16266298084006,1.6073370191599423
233,53.9,50.610016150810246,3.2899838491897526
283,44.21,40.144526353059774,4.065473646940227
181,82.6,80.97671217329216,1.6232878267078377
519,43.73,38.111579620564264,5.618420379435733
550,27.74,28.910194231864146,-1.1701942318641478
355,47.71,38.281801428859836,9.428198571140165
977,41.05,43.9791589793161,-2.9291589793160995
338,58.61,52.197234188370885,6.412765811629114
318,45.37,42.76053437434518,2.6094656256548205
405,69.84,59.73115590851926,10.10884409148074
945,36.44,20.235566076835976,16.20443392316402
828,74.99,55.581490025212155,19.40850997478784
979,46.25,35.58120777618319,10.668792223816808
645,19.54,22.017879823857903,-2.4778798238579043
742,54.28,49.70575600572407,4.574243994275932
59,33.02,38.52503678754246,-5.505036787542458
649,6.9,10.445037916434053,-3.545037916434053
582,25.73,30.07879165467511,-4.348791654675111
807,37.42,32.710371315858566,4.709628684141435
404,76.24,60.884440256374326,15.355559743625669
54,14.59,12.430604853783347,2.159395146216653
23,44.21,38.64665147915674,5.563348520843263
30,55.26,48.577701461911644,6.682298538088354
901,29.87,34.327977523378905,-4.457977523378904
453,31.72,33.0837019173541,-1.3637019173540992
10,38.07,39.98258992846616,-1.9125899284661614
841,30.12,28.7875505726209,1.3324494273790997
834,33.69,45.8973280194087,-12.207328019408699
506,61.86,58.91484395719676,2.945156042803241
469,44.28,42.92862803880394,1.3513719611960582
223,33.54,41.256958056628676,-7.716958056628677
524,59.49,59.507384266606905,-0.01738426660690351
797,51.04,49.4621981110732,1.5778018889267997
116,61.09,61.789423445122885,-0.699423445122882
242,31.35,33.65938073624978,-2.3093807362497785
444,33.27,26.80679139133706,6.463208608662942
198,37.34,36.267617148250984,1.072382851749019
744,14.5,12.412168750284764,2.0878312497152365
543,10.22,9.076901346262403,1.1430986537375976
477,23.35,32.68742784458365,-9.337427844583651
954,13.46,13.532193766464676,-0.07219376646467524
39,36.25,36.81423663327462,-0.5642366332746178
575,17.58,21.88494587379435,-4.3049458737943525
844,53.52,35.53987822705823,17.98012177294177
375,25.62,21.28537402901452,4.334625970985481
66,44.7,38.8525801367743,5.847419863225703
301,34.74,38.255749687726656,-3.515749687726654
67,30.28,28.56669608599939,1.7133039140006119
931,15.34,21.522235065976364,-6.182235065976364
939,32.72,27.290057309094863,5.429942690905136
969,39.42,42.75807834612789,-3.3380783461278867
320,28.68,30.548310093916797,-1.8683100939167971
642,20.87,23.152398782238617,-2.282398782238616
622,36.15,34.971579816500466,1.178420183499533
929,21.91,23.579275640623397,-1.6692756406233968
873,28.63,36.0820519599129,-7.452051959912904
447,48.59,41.0271681008026,7.5628318991974055
781,14.2,13.299995393097124,0.9000046069028755
336,51.33,41.708542355197785,9.621457644802213
208,39.61,39.2094440582718,0.4005559417282001
356,63.14,48.17980110432973,14.960198895670274
93,46.2,45.66532304101665,0.5346769589833542
63,50.66,50.6562691651778,0.0037308348221998244
855,61.23,62.157047584828945,-0.9270475848289479
600,27.04,21.516775947367947,5.523224052632052
239,13.36,11.890936158345163,1.4690638416548367
628,12.25,20.961224288086402,-8.711224288086402
572,13.09,15.771787516499096,-2.681787516499096
314,21.02,16.38737272162848,4.632627278371519
812,34.68,36.07275732102203,-1.3927573210220316
912,43.57,42.64599320478843,0.924006795211568
989,19.99,17.80851235582761,2.181487644172389
967,23.79,22.074092149640332,1.7159078503596668
765,23.22,24.115442801047443,-0.8954428010474444
1003,65.91,57.70922754132696,8.200772458673036
718,10.35,7.425169944870128,2.9248300551298714
1015,52.43,44.323395571458896,8.106604428541104
333,66.42,57.34448618801783,9.07551381198217
90,40.6,42.385341027165765,-1.7853410271657637
752,59.76,54.41854425942145,5.341455740578546
540,24.4,31.303024990616425,-6.9030249906164265
334,23.8,18.520781806785624,5.279218193214376
560,25.75,32.288729127998934,-6.538729127998934
152,77.3,76.90698784369567,0.39301215630432296
946,32.96,32.370001307554546,0.5899986924454552
489,25.51,26.146207688519915,-0.6362076885199137
870,23.69,21.00332881384037,2.686671186159632
285,21.6,27.112940538197222,-5.5129405381972205
510,39.0,45.97371649018415,-6.973716490184152
192,27.66,34.06051074321916,-6.4005107432191615
853,40.06,31.312984994599535,8.747015005400467
471,57.03,51.81767647853908,5.212323521460924
156,72.99,71.99967252079624,0.9903274792037564
763,6.27,17.044552423982132,-10.774552423982133
688,2.33,6.840511222942824,-4.510511222942824
878,31.03,25.033338596747146,5.996661403252855
464,56.81,52.57717134931002,4.2328286506899815
1025,44.28,42.94449472539196,1.335505274608039
555,27.94,34.483739091003784,-6.543739091003783
55,14.64,12.825493630103399,1.814506369896602
131,52.2,51.34767538064844,0.8523246193515632
552,9.62,10.258566077852544,-0.6385660778525448
25,53.3,51.677998864816395,1.6220011351836021
72,33.4,33.67061450252198,-0.2706145025219797
44,41.54,42.235871613447806,-0.6958716134478067
273,45.84,44.28935206153474,1.5506479384652607
418,11.98,11.4408708990887,0.5391291009112997
937,36.8,34.81420713897587,1.9857928610241302
923,39.84,31.99746980005976,7.842530199940242
769,41.24,39.8151916020335,1.4248083979665012
222,28.63,37.2609610173487,-8.6309610173487
839,26.86,25.306063671860116,1.5539363281398835
379,67.57,52.59526793027279,14.974732069727203
347,46.64,46.91180555016426,-0.27180555016425956
899,13.2,16.763507570581304,-3.5635075705813044
850,37.36,28.774574175238097,8.585425824761902
259,13.33,13.0565503280712,0.2734496719288
602,35.17,38.61259093412433,-3.4425909341243255
970,46.23,47.99925880169192,-1.769258801691926
964,29.87,35.094771290590444,-5.224771290590443
928,24.58,25.875469694369407,-1.2954696943694088
323,51.06,45.41640307104941,5.643596928950593
60,54.38,48.097655140439954,6.282344859560048
351,45.94,41.79050256781651,4.149497432183487
551,8.2,5.610427224953214,2.5895727750467854
623,12.54,9.336955437451632,3.2030445625483672
565,14.84,13.720475047286948,1.1195249527130517
673,15.03,14.300740554962195,0.7292594450378047
794,26.74,34.83283976655828,-8.092839766558281
620,29.79,32.159412872405525,-2.369412872405526
566,32.05,38.08801705365782,-6.038017053657825
805,48.79,43.71636712664706,5.073632873352942
329,23.52,25.041355004432177,-1.521355004432177
342,51.96,52.3542880478763,-0.39428804787630156
505,37.92,41.36890010474752,-3.4489001047475156
517,15.07,12.168789018181815,2.901210981818185
289,7.32,11.825667568119849,-4.505667568119849
119,61.8,60.428939601125364,1.3710603988746328
492,45.9,38.23197599629213,7.66802400370787
760,29.98,36.644660527564525,-6.664660527564525
549,41.68,40.08522861339179,1.5947713866082083
280,24.43,26.890136825762788,-2.4601368257627882
284,13.62,15.23841470389159,-1.61841470389159
568,25.45,27.716965649096732,-2.2669656490967327
429,29.59,35.37942846603574,-5.789428466035741
452,48.99,48.441863515464654,0.5481364845353482
652,4.57,5.974782338213926,-1.4047823382139253
525,25.12,27.037815880641595,-1.9178158806415944
456,43.39,40.13756489821942,3.252435101780577
755,71.62,72.2585953934725,-0.6385953934724995
153,80.2,79.34743847393489,0.8525615260651165
381,81.75,55.67231842627694,26.077681573723062
953,8.54,7.66197902966602,0.8780209703339787
245,25.69,27.709359976385457,-2.0193599763854557
777,31.84,29.711682685362643,2.128317314637357
618,26.94,31.509207163665664,-4.569207163665663
581,12.37,18.323850316582675,-5.953850316582676
387,51.02,55.90788255866633,-4.887882558666327
547,23.4,21.72030733912799,1.679692660872007
232,50.77,46.74253026948796,4.0274697305120455
802,31.65,31.23867347629775,0.4113265237022503
358,66.95,59.935593753985096,7.014406246014907
234,13.18,19.098355717025026,-5.918355717025026
374,16.28,12.829234294663914,3.450765705336087
