method,seed,trial,cv_rmse,learning_rate,subsample,n_estimators,seconds,elapsed_seconds,status,resource,fold_0,fold_1,fold_2,fold_3,fold_4,duration_kind
pso_w09,42,1,4.8113382388086485,0.1302538018143012,0.7755513759008209,179,0.17136149993166327,0.1715617999434471,complete,1.0,4.220032510629501,4.401906419066461,5.712413774951238,4.653504378421294,5.068834110974753,objective_wall
pso_w09,42,2,4.780454754662343,0.11263902161336914,0.6376709391550598,196,0.16196759999729693,0.3348442999413237,complete,1.0,4.162121823831738,4.517195324745018,5.499430326431036,4.681149559549137,5.042376738754786,objective_wall
pso_w09,42,3,5.337561851415693,0.12712498312154039,0.9144257221107815,69,0.07861169998068362,0.41427419998217374,complete,1.0,4.864256939634085,5.183330536295764,5.893331996092891,5.270611191341689,5.476278593714034,objective_wall
pso_w09,42,4,4.955167833953778,0.07050146892067431,0.7483192096930324,189,0.16105870006140321,0.5763651999877766,complete,1.0,4.448656925366247,4.607737482395842,5.6583662313587135,4.875753353680553,5.185325176967537,objective_wall
pso_w09,42,5,5.132046753100439,0.10176708975894265,0.929104645308332,117,0.122076699975878,0.6992485999362543,complete,1.0,4.61596652527874,4.934342352594182,5.792010416112335,4.994687193348997,5.323227278167942,objective_wall
pso_w09,42,6,6.944878207552013,0.046168442508149186,0.8218339148063339,60,0.06851180002558976,0.768603099975735,complete,1.0,6.707194900728839,7.059394622302191,7.188278263769152,7.0167648356194645,6.752758415340417,objective_wall
pso_w09,42,7,4.759505175914554,0.14421612149684956,0.8526657596488258,164,0.15048099996056408,0.9198508999543265,complete,1.0,4.296376132570235,4.452262813552157,5.64566171704233,4.413062038435731,4.990163177972316,objective_wall
pso_w09,42,8,5.198113695960016,0.05877847291376598,0.9882792097579614,184,0.18204460002016276,1.1025548999896273,complete,1.0,4.711077889237578,5.106019669930115,5.8726465748323555,4.950827870099484,5.349996475700547,objective_wall
pso_w09,42,9,4.83009986865895,0.13135246332613806,0.677855483140787,120,0.09979820006992668,1.2032636000076309,complete,1.0,4.407668325797395,4.674997725953408,5.399053722059145,4.710847596664999,4.957931972819803,objective_wall
pso_w09,42,10,5.833973911392414,0.032599546627705776,0.6617157968270191,152,0.11909639998339117,1.3230841999175027,complete,1.0,5.453360395180409,5.908407981145983,6.153131470566351,5.881945893732412,5.773023816336919,objective_wall
pso_w09,42,11,5.083397036670081,0.12323591809914693,0.987003892973684,99,0.09999839996453375,1.423872399958782,complete,1.0,4.614883536136105,4.817249626101114,5.735556201719363,4.896804284128323,5.3524915352655,objective_wall
pso_w09,42,12,5.903925728198267,0.060582367995912066,0.7878223245103232,78,0.07886060001328588,1.5035161999985576,complete,1.0,5.497938509705815,5.948264245088319,6.338029094266418,5.981021336095467,5.754375455835315,objective_wall
pso_w09,42,13,6.588318454154171,0.038385280504044494,0.7902819704903735,84,0.0879109000088647,1.5922203999944031,complete,1.0,6.260062154630157,6.7300092085226915,6.865233625620711,6.699562218378559,6.3867250636187345,objective_wall
pso_w09,42,14,4.8038050745237175,0.10690225337949587,0.7748607675489323,175,0.1518313999986276,1.7448943000053987,complete,1.0,4.245596695170367,4.536431539403763,5.472042510082546,4.753866418713479,5.011088209248432,objective_wall
pso_w09,42,15,4.8525486342147435,0.1132598007422099,0.7249466565528164,175,0.14115949999541044,1.8867796999402344,complete,1.0,4.238600599132608,4.701974840799563,5.420858917984004,4.885033990709581,5.0162748224479605,objective_wall
pso_w09,42,16,5.035043736813778,0.13809362917660697,0.7549913516120698,93,0.08809510001447052,1.9756479999050498,complete,1.0,4.402530622291555,4.872865657055525,5.84250678850096,4.902559951725359,5.154755664495492,objective_wall
pso_w09,42,17,5.29107189301724,0.10950533196855859,0.6559009934437239,80,0.078149399952963,2.0546632999321446,complete,1.0,4.826232967220657,5.357120553767283,5.856187560215873,5.1052080070698125,5.310610376812576,objective_wall
pso_w09,42,18,6.008410901890136,0.03042195314563408,0.9147697510008553,150,0.14122679992578924,2.1965736999409273,complete,1.0,5.660461291943952,6.09651512816213,6.394137642054719,6.04931990643924,5.841620540850641,objective_wall
pso_w09,42,19,4.970789397655607,0.11431761993749913,0.9122916124087872,119,0.11966159997973591,2.316995200002566,complete,1.0,4.563766435694633,4.736329702523808,5.734849846723333,4.697553319607918,5.121447683728346,objective_wall
pso_w09,42,20,5.5708483260124835,0.08824946828819306,0.655918799251063,67,0.06792000005953014,2.3856429998995736,complete,1.0,5.078319729900903,5.7253809514587255,6.128525668160836,5.611395976883377,5.310619303658576,objective_wall
pso_w09,42,21,4.731356500461947,0.1580723765227297,0.8768166832911664,169,0.15279749990440905,2.5406890999292955,complete,1.0,4.1179607889344165,4.393452521389561,5.720918781785851,4.5289032975574015,4.895547112642509,objective_wall
pso_w09,42,22,4.81875829604444,0.13862761380450567,0.8963386695860889,165,0.15064579993486404,2.692138599930331,complete,1.0,4.170868511423954,4.549910142650569,5.720211958025058,4.733055908309384,4.919744959813235,objective_wall
pso_w09,42,23,4.853227972122722,0.13922480703687246,0.8915587423612118,162,0.15037629997823387,2.8432642999105155,complete,1.0,4.126588185064204,4.411484316297355,5.700215008999586,4.767184014556264,5.260668335696201,objective_wall
pso_w09,42,24,4.82529163648753,0.09144887782545591,0.8743991364531645,177,0.16229070001281798,3.0063209999352694,complete,1.0,4.270117436832763,4.476612347297329,5.595037078838956,4.75135748277014,5.033333836698464,objective_wall
pso_w09,42,25,4.9374498433124625,0.12243280769220677,0.8146542985185532,115,0.10931410000193864,3.1164166999515146,complete,1.0,4.434876509443189,4.61006939523545,5.758986101451647,4.705419333084335,5.177897877347691,objective_wall
pso_w09,42,26,4.986557444295864,0.058202451163062816,0.8346927812096807,200,0.18266539997421205,3.2998086999868974,complete,1.0,4.454756585906111,4.632172329953896,5.669993971117445,5.057733537187248,5.118130797314615,objective_wall
pso_w09,42,27,4.730160661802591,0.1470523210028124,0.8731064307044877,168,0.17099659994710237,3.4715598999755457,complete,1.0,4.01757039081176,4.219991687330047,5.700269840396887,4.760225719596824,4.952745670877438,objective_wall
pso_w09,42,28,4.75409173256781,0.2,0.9090278176449549,171,0.17061030003242195,3.642935000010766,complete,1.0,4.157262252171802,4.330365785679957,5.6685071510678355,4.6658966664294805,4.948426807489977,objective_wall
pso_w09,42,29,4.896776683046505,0.11181573588307424,0.7085582802753908,135,0.13023259991314262,3.7739480999298394,complete,1.0,4.4754791452475855,4.711867049038257,5.7405090003291,4.774057270073434,4.781970950544147,objective_wall
pso_w09,42,30,4.722041462655123,0.1458841344065485,0.6722232332613969,161,0.13052539993077517,3.905340899946168,complete,1.0,4.312393460325953,4.403540594822775,5.381786102965093,4.634047302922092,4.878439852239704,objective_wall
pso_w09,42,31,4.914153815496306,0.12890704948353157,0.8840397791890704,117,0.12051579996477813,4.026683599920943,complete,1.0,4.33170377862425,4.752722994159297,5.626956365043224,4.679519447901649,5.179866491753109,objective_wall
pso_w09,42,32,4.840470903418408,0.16558946787089843,0.8431153786392673,176,0.17307469993829727,4.200566899962723,complete,1.0,4.178268489280221,4.538433123033147,5.784134983651786,4.656043687420681,5.045474233706205,objective_wall
pso_w09,42,33,5.1874662890332575,0.04749836706469872,0.7721731114728522,185,0.1726685999892652,4.373984399950132,complete,1.0,4.814533165030758,5.006634186974188,5.636031836742498,5.142817806407717,5.337314450011128,objective_wall
pso_w09,42,34,4.754211147294216,0.14963450624977948,0.839401543159614,172,0.15219989989418536,4.5268975999206305,complete,1.0,4.137651292324616,4.604671496062169,5.526582912585944,4.574223204292768,4.9279268312055775,objective_wall
pso_w09,42,35,4.700518676056289,0.1329514129811067,0.941804373653442,178,0.16166370001155883,4.689282599953003,complete,1.0,4.067057717340228,4.461780674044053,5.414210670494261,4.580000213358807,4.979544105044096,objective_wall
pso_w09,42,36,4.798443073239861,0.15793360658840158,0.7549875839242937,146,0.12025679997168481,4.810305699938908,complete,1.0,4.087592635349667,4.567471032750089,5.6087593710104935,4.598167135591366,5.130225191497691,objective_wall
pso_w09,42,37,5.045022628276493,0.12396335913445351,0.7161436828309969,96,0.0887941000983119,4.899846299900673,complete,1.0,4.590513632479976,4.917683048392908,5.714327516435754,5.026851682727947,4.975737261345885,objective_wall
pso_w09,42,38,4.984013777584303,0.07310035721319262,0.8107883404660099,164,0.15019919991027564,5.050840999931097,complete,1.0,4.637736085911119,4.7445481595831245,5.577989082040647,4.816263912492535,5.143531647894086,objective_wall
pso_w09,42,39,4.782098800651705,0.14170702470574842,0.8660267825831283,157,0.14949849992990494,5.2010816999245435,complete,1.0,4.3175504356555745,4.48752331143949,5.577969803300607,4.708563986529845,4.818886466333009,objective_wall
pso_w09,42,40,5.018541193237184,0.1695689462879742,0.6562934976609862,86,0.07826310000382364,5.280174799961969,complete,1.0,4.649707445383845,4.798280179241408,5.801434781811704,4.781777817880128,5.061505741868838,objective_wall
pso_w09,42,41,4.7809619970236685,0.15370479482050728,0.9810718158293482,167,0.16103740001562983,5.443474299972877,complete,1.0,4.366936444332494,4.558635140722855,5.549580224236224,4.643859323715587,4.785798852111181,objective_wall
pso_w09,42,42,4.698303415757683,0.1371537240331067,0.9524897035369838,186,0.17186000000219792,5.616085199988447,complete,1.0,4.236533493652421,4.457961723712134,5.494679598403055,4.400299578209369,4.902042684811435,objective_wall
pso_w09,42,43,4.7033484585943075,0.14712531761643802,0.9191813510585478,200,0.19241629994940013,5.809233199921437,complete,1.0,4.117125716048332,4.361998656618349,5.532896335084185,4.657808001682042,4.846913583538629,objective_wall
pso_w09,42,44,4.904240338532795,0.1250063803826227,1.0,167,0.15164509997703135,5.961678799940273,complete,1.0,4.422570303347095,4.708223708446254,5.570743547813469,4.697355509498132,5.122308623559028,objective_wall
pso_w09,42,45,4.873290813518645,0.14881493906015825,0.7817427178113985,149,0.13036370009649545,6.092835399904288,complete,1.0,4.306675805859228,4.5823093530646775,5.7714400005751045,4.553101632237856,5.15292727585636,objective_wall
pso_w09,42,46,4.904531605854361,0.10757518414238232,0.9072332637548295,177,0.16009100002702326,6.253635999979451,complete,1.0,4.322044076223044,4.82305614603834,5.527768015318984,4.8112567270249444,5.03853306466649,objective_wall
pso_w09,42,47,4.81770494184636,0.1430832342695264,0.9892799162288137,185,0.1834411999443546,6.437886699917726,complete,1.0,4.184631734463615,4.6103840677859464,5.666010516408157,4.570521354161674,5.056977036412404,objective_wall
pso_w09,42,48,4.747538382693005,0.14897217174644645,0.8538453888835249,164,0.15135800000280142,6.590098099899478,complete,1.0,4.17828566249601,4.633842620946059,5.459301322493166,4.509056048699684,4.957206258830109,objective_wall
pso_w09,42,49,4.777346628993094,0.1506186004078077,0.9568875390032336,193,0.181441199965775,6.772330099949613,complete,1.0,4.210693908708218,4.465764200527327,5.769997098605139,4.4540327917450755,4.98624514537971,objective_wall
pso_w09,42,50,4.769351058396032,0.2,0.9376139104606291,176,0.17298360005952418,6.946090399986133,complete,1.0,4.246624968812519,4.416117347102803,5.806407079689805,4.273953166420989,5.103652729954046,objective_wall
pso_w09,42,51,4.675564420555056,0.13888374020441077,0.8089098056423681,196,0.16168869996909052,7.1086376999737695,complete,1.0,4.019181260337151,4.236312137182291,5.791592578367638,4.609491520760799,4.721244606127402,objective_wall
pso_w09,42,52,4.807919631957239,0.2,0.9124347717330326,200,0.18286890001036227,7.292247899924405,complete,1.0,4.104901660059552,4.628136180712618,5.628658223788051,4.618910944607271,5.058991150618704,objective_wall
pso_w09,42,53,5.0124565501267275,0.0666353955280566,0.9405312253688759,200,0.1814846999477595,7.474537899950519,complete,1.0,4.447224016466162,4.899392571983535,5.758603962444175,4.868516468666861,5.088545731072905,objective_wall
pso_w09,42,54,4.8073319101023575,0.17155252825431658,0.9185946826614808,177,0.16095649998169392,7.636308199958876,complete,1.0,3.9830998943064233,4.711824417539199,5.8469124558605845,4.341066313207987,5.153756469597597,objective_wall
pso_w09,42,55,4.8035189669624,0.15358485956083656,1.0,180,0.16108720004558563,7.798147599911317,complete,1.0,4.27493714400581,4.386732997342516,5.593933042281934,4.644991331807522,5.117000319374217,objective_wall
pso_w09,42,56,4.816418201247455,0.14512941249221684,1.0,200,0.1823733999626711,7.981283799977973,complete,1.0,4.1555478061797,4.560559950572266,5.811448546620156,4.605893490004596,4.948641212860554,objective_wall
pso_w09,42,57,4.710876756993925,0.1474594890358116,0.8025354046562954,186,0.16076630004681647,8.142765399999917,complete,1.0,4.176470818843137,4.565412595189114,5.5170385773128165,4.474359610998046,4.821102182626512,objective_wall
pso_w09,42,58,4.7750888263987195,0.18763941326324096,0.8282314530775492,189,0.16264500003308058,8.306229199981317,complete,1.0,4.1366802170096495,4.753750905640415,5.671178494232595,4.424919761298942,4.888914753811995,objective_wall
pso_w09,42,59,4.784143860302506,0.16443004830298213,0.8837941011878135,200,0.17318259994499385,8.480105399969034,complete,1.0,4.082750889637579,4.379635398566636,5.852523475307651,4.741695884962612,4.864113653038054,objective_wall
pso_w09,42,60,4.732993625333988,0.2,0.8674033697820842,186,0.1728417999111116,8.65367199992761,complete,1.0,4.388442803416539,4.479925088761132,5.829080306059507,4.299986789938482,4.667533138494274,objective_wall
pso_w09,42,61,4.866449443834074,0.1410536128585592,1.0,166,0.15124059992376715,8.807032799930312,complete,1.0,4.273072740889777,4.475891976259022,5.7715488458920845,4.605412958427361,5.206320697702126,objective_wall
pso_w09,42,62,4.695256452150832,0.13597263003967314,0.872527621385133,200,0.18441420001909137,8.992352199973539,complete,1.0,4.012979682130332,4.397514180639211,5.551597661812185,4.677322893268065,4.83686784290437,objective_wall
pso_w09,42,63,4.625996681474211,0.15146158847128585,0.8035432601872059,200,0.17138400010298938,9.164616099908017,complete,1.0,4.202700126843303,4.4327274067574445,5.463853411753872,4.310963066411908,4.719739395604526,objective_wall
pso_w09,42,64,4.808052630106317,0.12334023163912172,0.6,196,0.16114480001851916,9.326536999898963,complete,1.0,4.33624468512375,4.3932753488900245,5.391683471447748,5.030959038232703,4.888100606837361,objective_wall
pso_w09,42,65,4.693456010134083,0.16500991780797644,0.7862705184761982,181,0.1614304999820888,9.488687200006098,complete,1.0,4.158361838605137,4.262155068968577,5.575950241797008,4.518210445062476,4.95260245623722,objective_wall
pso_w09,42,66,4.730660228469015,0.2,0.954095305821269,171,0.15135589998681098,9.640882299980149,complete,1.0,4.115826482680447,4.649491496692392,5.587685611207062,4.488411176110646,4.811886375654523,objective_wall
pso_w09,42,67,4.747694069615205,0.13717196347966734,0.7962278959136754,200,0.16194040002301335,9.803583499975502,complete,1.0,4.139124878572066,4.461743565183106,5.613688175564032,4.478691187350529,5.045222541406296,objective_wall
pso_w09,42,68,4.711739710614635,0.11243009087079196,0.754665262157195,168,0.14035329991020262,9.94483049993869,complete,1.0,4.253424199598966,4.499866422599968,5.516524395635339,4.680313334738182,4.608570200500722,objective_wall
pso_w09,42,69,4.728584061663152,0.1905502883447557,1.0,200,0.18289310007821769,10.128457199898548,complete,1.0,4.141145257937634,4.545375605788005,5.672384195318506,4.230622657266442,5.053392592005176,objective_wall
pso_w09,42,70,4.93019178481133,0.09125256413550989,1.0,189,0.17098299995996058,10.30038579995744,complete,1.0,4.434527774223097,4.734687121729598,5.695010765408243,4.769422113409294,5.01731114928642,objective_wall
pso_w09,42,71,4.855992837380245,0.14852127398071502,0.741292829450336,200,0.16216159996110946,10.46338079997804,complete,1.0,4.282818602865162,4.538968224953763,5.901293057125059,4.50776928742155,5.049115014535692,objective_wall
pso_w09,42,72,4.863625649617418,0.18192834922877454,0.9605791044907938,199,0.19181200000457466,10.655918199918233,complete,1.0,4.2064192917057195,4.603605927825129,6.042052008671302,4.560335934284569,4.905715085600373,objective_wall
pso_w09,42,73,4.823491875048323,0.2,1.0,196,0.17141950002405792,10.828196799964644,complete,1.0,4.126880138877831,4.5882821339594,5.816610347837987,4.609183838061891,4.97650291650451,objective_wall
pso_w09,42,74,4.733795149806861,0.14482953328294013,0.8598250422322469,179,0.1518884999677539,10.980835399939679,complete,1.0,4.15370267240373,4.400802706578602,5.591028300620381,4.529107722416148,4.994334347015438,objective_wall
pso_w09,42,75,4.771592320853099,0.1280271768843937,0.9039709239098994,193,0.18322110001463443,11.164798599900678,complete,1.0,4.13224042817401,4.583221419646445,5.6224356013284655,4.461684047307339,5.058380107809234,objective_wall
pso_w09,42,76,4.820923008359271,0.14357558341467377,0.7095652268131114,127,0.10963409999385476,11.275149799999781,complete,1.0,4.388292174286559,4.448580339500349,5.725692141211135,4.727863398021424,4.814186988776891,objective_wall
pso_w09,42,77,4.698205797889759,0.17010626403580123,0.8851486205949075,200,0.17377680004574358,11.449747300008312,complete,1.0,3.996446834553794,4.183465921127312,5.563463903628117,4.507163874447924,5.240488455691651,objective_wall
pso_w09,42,78,4.717957636004678,0.2,0.8404750359140037,200,0.1726127000292763,11.62310709990561,complete,1.0,4.1192725274950455,4.593545899147754,5.34037887893964,4.479811431216802,5.056779443224149,objective_wall
pso_w09,42,79,4.788708917522721,0.17406665036583988,0.8591400002746573,188,0.17239040008280426,11.796218700008467,complete,1.0,4.14947206661896,4.610264203349526,5.681244964806899,4.565250660523599,4.937312692314622,objective_wall
pso_w09,42,80,4.773815712755252,0.14317888452207794,1.0,200,0.18284870008938015,11.979882199899293,complete,1.0,4.276084851459752,4.512466967567927,5.650886701982465,4.438708943476497,4.990931099289621,objective_wall
pso_w09,42,81,4.721035222365507,0.15560359410679725,0.7959517825074376,200,0.17256139998789877,12.15476199996192,complete,1.0,4.224706605079794,4.5177857521630145,5.528807036200211,4.511066760920434,4.822809957464085,objective_wall
pso_w09,42,82,4.779474213544834,0.15836797244445305,0.7859098945667125,200,0.18300870002713054,12.338576499954797,complete,1.0,4.391130415620588,4.595973710272369,5.3811559398365665,4.6515605138865075,4.877550488108137,objective_wall
pso_w09,42,83,4.632604917813504,0.155473398403215,0.699468978402998,199,0.17178450000938028,12.51109009992797,complete,1.0,4.254459361982117,4.2275194815565085,5.637724649844924,4.564834172625744,4.478486923058222,objective_wall
pso_w09,42,84,4.666714766462386,0.13928304397641345,0.7432925014181707,200,0.16047720005735755,12.672284899977967,complete,1.0,4.125578942751721,4.498784711754284,5.222463770118875,4.495963574819938,4.990782832867107,objective_wall
pso_w09,42,85,4.843488453050214,0.17692510405806733,0.8138477889304536,200,0.1711781999329105,12.844442599918693,complete,1.0,4.204639935572336,4.629931155542541,5.939208968368129,4.61434919736109,4.829313008406974,objective_wall
pso_w09,42,86,4.690185756110627,0.18149409029452956,0.9303159492430144,187,0.17284799995832145,13.018068199977279,complete,1.0,4.14106553904139,4.492733379573442,5.685937264795251,4.332213504252779,4.798979092890272,objective_wall
pso_w09,42,87,4.770480216197106,0.14961461019199193,0.6870219342114672,165,0.14121740008704364,13.159981400007382,complete,1.0,4.462249510374407,4.737713041692585,5.344048285688272,4.454590311928972,4.853799931301291,objective_wall
pso_w09,42,88,4.730865719928002,0.09731625237431327,0.7272525152163434,200,0.17062720004469156,13.331745699979365,complete,1.0,4.237579720866613,4.530622330329646,5.471173808017624,4.6450692974755885,4.769883442950535,objective_wall
pso_w09,42,89,4.744350427545468,0.1882956797804478,0.8025010801626269,200,0.18194019992370158,13.5144544999348,complete,1.0,4.084258500801333,4.650729781484372,5.631012931591503,4.496671108833044,4.859079815017086,objective_wall
pso_w09,42,90,4.826820170535502,0.0848517395949783,0.6490137410526015,200,0.16179660009220243,13.677043400006369,complete,1.0,4.5494541275994225,4.6154145732835445,5.464133908097048,4.696092025353918,4.809006218343579,objective_wall
pso_w09,42,91,4.68120800528875,0.15819222684197004,0.84469086365004,199,0.17062780004926026,13.848508399911225,complete,1.0,4.022610368844789,4.668297993727758,5.579553321178601,4.500163224925628,4.6354151177669705,objective_wall
pso_w09,42,92,4.808051311063428,0.14074215764791037,0.7790838381115845,199,0.1718201000476256,14.021222599898465,complete,1.0,4.225390461365323,4.448315666641519,5.61950999280264,4.637603994655503,5.109436439852156,objective_wall
pso_w09,42,93,4.747289172576598,0.13687308584205782,0.8269833171640959,197,0.18159399996511638,14.203556999913417,complete,1.0,4.232362303572443,4.538568990138124,5.5622439886566415,4.497172185906125,4.9060983946096535,objective_wall
pso_w09,42,94,4.7307684267496395,0.12723468319736414,0.7648209048352774,197,0.16176239994820207,14.366188499960117,complete,1.0,4.116195911142005,4.42821410126901,5.483249670687825,4.643918212867305,4.982264237782056,objective_wall
pso_w09,42,95,4.752313234027296,0.11257258621660395,0.7916040078173403,200,0.1823314999928698,14.549314499949105,complete,1.0,4.282553123702842,4.471671118810171,5.543810623911223,4.551818915497428,4.911712388214816,objective_wall
pso_w09,42,96,4.925539676331306,0.1575814587108448,0.6,126,0.1091995999449864,14.659224099945277,complete,1.0,4.342422742314834,4.455046737776132,5.824228581220436,4.9583015264708745,5.047698793874252,objective_wall
pso_w09,42,97,4.888312142340406,0.18709958619077466,0.9564619640143528,200,0.19195250002667308,14.85191450000275,complete,1.0,4.150164790992947,4.796803123807263,6.084664216539422,4.4982797947793935,4.911648785583009,objective_wall
pso_w09,42,98,4.639532578765627,0.16590656748524069,0.8344575359826593,200,0.17264899995643646,15.025297699961811,complete,1.0,3.9575424131613177,4.419539388277226,5.677613859753008,4.257997206688492,4.8849700259480935,objective_wall
pso_w09,42,99,4.813193089293614,0.18233764050941667,0.8159252271310085,165,0.1401834998978302,15.166177399922162,complete,1.0,4.265648414485923,4.6481383322476875,5.753074373016545,4.4399477306678365,4.959156596050077,objective_wall
pso_w09,42,100,4.711742454163417,0.12137085301714966,0.6776783692098175,182,0.15137570002116263,15.318339199991897,complete,1.0,4.430310136534897,4.58096979137103,5.2306300776400105,4.574134165336391,4.742668099934758,objective_wall
pso_w09,42,101,4.527704183493258,0.16809750091737735,0.6224038096817177,200,0.1608039999846369,15.48139169998467,complete,1.0,4.116690231791396,4.196703194556485,5.482675373993017,4.466109850732909,4.376342266392485,objective_wall
pso_w09,42,102,4.80661393490185,0.15318485591652384,0.8421446744591965,200,0.18146609992254525,15.6636730999453,complete,1.0,4.190493170462584,4.669335660970681,5.6798359213535035,4.634498600450938,4.858906321271541,objective_wall
pso_w09,42,103,4.83544651496985,0.1490601309102506,0.7795303220725045,200,0.1826110000256449,15.847139099962078,complete,1.0,4.273048340882495,4.639027542020835,5.719368285845127,4.6152835146789,4.930504891421888,objective_wall
pso_w09,42,104,4.70471008663536,0.1635643402617739,0.8846211314200756,200,0.18267319991718978,16.030614299932495,complete,1.0,3.9513634662914434,4.289025972059847,5.720704027840873,4.523098725049807,5.039358241934828,objective_wall
pso_w09,42,105,4.726166606889011,0.13489856460847102,0.7871059955152485,192,0.17080669989809394,16.202227699919604,complete,1.0,4.128497702778658,4.501291422446143,5.573050488370168,4.4491023674947225,4.978891053355364,objective_wall
pso_w09,42,106,4.7860971746077805,0.14951162749209915,0.7348622006263137,200,0.16242670000065118,16.365425399970263,complete,1.0,4.070415441728764,4.564159540786386,5.907315425039531,4.521954286965936,4.866641178518287,objective_wall
pso_w09,42,107,4.68255090991903,0.1616559979353975,0.6640275349334226,141,0.11954179999884218,16.485787499928847,complete,1.0,4.26008021521423,4.441523463414906,5.501204595080797,4.519117212270533,4.690829063614688,objective_wall
pso_w09,42,108,4.802017858905929,0.10864695330795557,0.7451275345670051,177,0.16188799997325987,16.648481899988838,complete,1.0,4.360585450168009,4.616812393055261,5.588606605158599,4.678962582263884,4.765122263883888,objective_wall
pso_w09,42,109,4.689882786298282,0.15409500886693153,0.7472174349257775,200,0.18171490007080138,16.831014499999583,complete,1.0,4.065526909488018,4.400822489750555,5.53614970728685,4.506375487409423,4.940539337556563,objective_wall
pso_w09,42,110,4.766128495011157,0.19599432578728831,0.6,153,0.12000039999838918,16.951718700001948,complete,1.0,4.632988269771035,4.4922387119349425,5.406254392669297,4.648139361339285,4.651021739341222,objective_wall
pso_w09,42,111,4.759899937136608,0.1372041934510051,0.8382358516324908,199,0.17187159997411072,17.12450459995307,complete,1.0,4.123732601610909,4.627575275927487,5.652340739748514,4.505832716857839,4.8900183515382905,objective_wall
pso_w09,42,112,4.734217858009872,0.14091833796079492,0.6588318784788826,200,0.15166400000452995,17.276934999972582,complete,1.0,4.217480762943174,4.573330979767216,5.596934210648196,4.477805680377708,4.805537656313066,objective_wall
pso_w09,42,113,4.799064220580503,0.10890629507262617,0.6504976651607824,200,0.16108449990861118,17.438819699920714,complete,1.0,4.1787814867372735,4.726778315648547,5.309720371609461,4.647945964503313,5.132094964403916,objective_wall
pso_w09,42,114,4.76557855423235,0.12245391632137043,0.6933369232915076,200,0.16086549998726696,17.600475599989295,complete,1.0,4.118303022332041,4.626947936257055,5.691273018565664,4.555638658459539,4.835730135547454,objective_wall
pso_w09,42,115,4.7822769138794365,0.10876893344721746,0.7589726712173082,179,0.16075429995544255,17.762069699936546,complete,1.0,4.229413234812162,4.4936941625921145,5.499557065209303,4.6603101143087615,5.028409992474841,objective_wall
pso_w09,42,116,4.733583265900769,0.1662058913433163,0.842847779954878,200,0.19164619990624487,17.954489499912597,complete,1.0,3.9865765893976324,4.633530906427872,5.709410854254415,4.504366445866244,4.834031533557686,objective_wall
pso_w09,42,117,4.674194734145019,0.1610395369568922,0.9082339054499008,200,0.18161079997662455,18.13679159991443,complete,1.0,4.010704049925919,4.500669960327117,5.6066797334546665,4.419177978860255,4.83374194815714,objective_wall
pso_w09,42,118,4.768933642621583,0.1278739569927753,0.7912658497882618,199,0.16150339995510876,18.299009699956514,complete,1.0,4.348362920793246,4.416252654872643,5.54036771061274,4.5998469200543095,4.939838006774976,objective_wall
pso_w09,42,119,4.8397581992251535,0.11060691426896632,0.7997479779984372,163,0.14104999997653067,18.440795399947092,complete,1.0,4.338383218604642,4.504860129077955,5.618923018785392,4.651434409281478,5.085190220376298,objective_wall
pso_w09,42,120,4.843973341870565,0.10820013421730391,0.6,191,0.15120800002478063,18.592895100009628,complete,1.0,4.487034809052837,4.624957244143311,5.419884040772932,4.814250208157665,4.873740407226083,objective_wall
pso_w09,42,121,4.721978296133825,0.18019748549183842,0.6,200,0.15112940000835806,18.74630229989998,complete,1.0,4.331835950475259,4.431680151248141,5.421766203283762,4.616432439792926,4.808176735869033,objective_wall
pso_w09,42,122,4.884210007098057,0.1362085752488202,0.6,200,0.1512424999382347,18.898568399949,complete,1.0,4.181673244731249,4.5392417533531475,5.895405349821301,4.937899763914853,4.8668299236697345,objective_wall
pso_w09,42,123,4.806884764977747,0.16715846423635336,0.7789024843574941,200,0.182093899929896,19.081525499932468,complete,1.0,4.161756092926003,4.491757883347539,5.786200827477997,4.652301701794882,4.942407319342315,objective_wall
pso_w09,42,124,4.649802145359132,0.17106905648961238,0.8604559579905595,200,0.18196650000754744,19.264175799908116,complete,1.0,4.098880245366124,4.38179459437651,5.708451204060065,4.509770941639439,4.550113741353525,objective_wall
pso_w09,42,125,4.650349587904552,0.12138874266967693,0.7432595799643057,184,0.15004330000374466,19.414909299928695,complete,1.0,4.146738409719644,4.340864906413533,5.508897297765823,4.487787034343313,4.767460291280444,objective_wall
pso_w09,42,126,4.846880519492973,0.16350122543991125,0.6164374137389746,194,0.151125599979423,19.56689449993428,complete,1.0,4.266644675822109,4.621358944568469,6.010993471244613,4.552464173944426,4.7829413318852465,objective_wall
pso_w09,42,127,4.845234242108546,0.18084511597188718,0.6,184,0.14026879996526986,19.708006399916485,complete,1.0,4.426165016607682,4.538799794590235,5.648708448763147,4.662397081110626,4.950100869471044,objective_wall
pso_w09,42,128,4.783290670339886,0.14850360007275853,0.6097185175609476,177,0.1409306999994442,19.849707899964415,complete,1.0,4.557252995248128,4.529384737985154,5.342246616567828,4.721843310515258,4.765725691383066,objective_wall
pso_w09,42,129,4.773079867415267,0.13079239632893602,0.6705550834853796,200,0.17228850000537932,20.022728299954906,complete,1.0,4.150518098373937,4.721926823552036,5.5072294280165375,4.628064317011485,4.857660670122334,objective_wall
pso_w09,42,130,4.7510601491824245,0.2,0.7016120740712963,191,0.1639865000033751,20.18753049999941,complete,1.0,4.354617694859397,4.558830333691507,5.563823393564932,4.441130252275683,4.8368990715206035,objective_wall
pso_w09,42,131,4.755217435208278,0.12142975122607325,0.8128726078138712,199,0.18365779996383935,20.371987299993634,complete,1.0,4.1579836734780695,4.582767142415152,5.58212698568607,4.536261219552252,4.9169481549098455,objective_wall
pso_w09,42,132,4.794498139755847,0.16467436804847072,0.6,200,0.16066289995796978,20.53336539992597,complete,1.0,4.303194170143697,4.332034438948529,5.862350984986082,4.637798058066389,4.837113046634539,objective_wall
pso_w09,42,133,4.677960206126139,0.1761564841544571,0.7153639767607636,200,0.1607830999419093,20.69504119991325,complete,1.0,4.397456418793924,4.367320890630509,5.458420426936895,4.6520642426762855,4.514539051593079,objective_wall
pso_w09,42,134,4.614194895971517,0.13831845872534518,0.6999235637279211,199,0.16107309993822128,20.856966399936937,complete,1.0,4.0537167207878175,4.2222743323614225,5.4265100414805865,4.721007313467653,4.647466071760104,objective_wall
pso_w09,42,135,4.7478154323836765,0.12967419983687806,0.6315619971008241,184,0.13970900001004338,20.997520599979907,complete,1.0,4.313846620059867,4.434842403426081,5.460287161853555,4.796042033810992,4.73405894276789,objective_wall
pso_w09,42,136,4.695614673642983,0.17442449156894008,0.8644285174570694,200,0.17187810002360493,21.17010270000901,complete,1.0,4.034124767137136,4.47475935964986,5.55445881967157,4.3713016526386514,5.043428769117695,objective_wall
pso_w09,42,137,4.705433140239319,0.14884196607092473,0.7560712274365594,200,0.18296139989979565,21.353799299919046,complete,1.0,4.048717538899074,4.544485071333785,5.475871108698155,4.604839230818423,4.853252751447159,objective_wall
pso_w09,42,138,4.649009022326571,0.15855628151303827,0.6902844077292181,200,0.16190710000228137,21.516508199973032,complete,1.0,4.164240272233925,4.4829718817610615,5.615888670973976,4.405927406707856,4.576016879956035,objective_wall
pso_w09,42,139,4.696327910826904,0.11144419451458865,0.7192142475332206,198,0.16090280003845692,21.67814340000041,complete,1.0,4.372823288764592,4.525694049583554,5.31954711885046,4.557233945777757,4.706341151158157,objective_wall
pso_w09,42,140,4.638784116114138,0.19219798002567964,0.7041507218924603,194,0.1619349999818951,21.84088759997394,complete,1.0,4.125975793513246,4.533093005765925,5.637562155229736,4.4527133381766015,4.444576287885185,objective_wall
pso_w09,42,141,4.748583440586593,0.1824493533005506,0.6354697696091197,200,0.1623995000263676,22.005514799966477,complete,1.0,4.376660062895701,4.555626530857047,5.2738864452380465,4.697722828284528,4.839021335657639,objective_wall
pso_w09,42,142,4.679857865192098,0.14249994933546276,0.67069486151659,200,0.16197139990981668,22.168258299934678,complete,1.0,4.313979342601656,4.342813172290608,5.475899311229545,4.5445864203723145,4.722011079466364,objective_wall
pso_w09,42,143,4.686501491257038,0.17553027539663668,0.7775816963103026,200,0.1820708999875933,22.351210099994205,complete,1.0,4.114672421535908,4.5125866046632055,5.330745956173248,4.55656691559086,4.9179355583219735,objective_wall
pso_w09,42,144,4.844179635146398,0.17674253350022012,0.6,200,0.1622067999560386,22.514119699946605,complete,1.0,4.271161363021952,4.535247087590205,5.692609083183971,4.862615145597829,4.859265496338034,objective_wall
pso_w09,42,145,4.914185331853718,0.17145392165837137,0.6,200,0.16234410007018596,22.67731769999955,complete,1.0,4.321639102013583,4.725740847660349,5.854483228032959,4.666801694569778,5.00226178699192,objective_wall
pso_w09,42,146,4.705779861737182,0.1984477429968202,0.8558403441976974,180,0.16270559991244227,22.840772899915464,complete,1.0,4.148534743096032,4.610335375879758,5.638248958816133,4.501572206973243,4.630208023920744,objective_wall
pso_w09,42,147,4.667984228700177,0.18153224050973668,0.6682357657693894,177,0.13876110001001507,22.980250599910505,complete,1.0,4.0872532235574734,4.340412935088282,5.618821509415964,4.626451977611418,4.666981497827746,objective_wall
pso_w09,42,148,4.641505095450534,0.16967957147023005,0.6698172836977278,187,0.15126479999162257,23.132365599973127,complete,1.0,4.312191025519718,4.381647552774896,5.478289224399562,4.405500404196798,4.629897270361695,objective_wall
pso_w09,42,149,4.696285644176068,0.12322363310004525,0.6872181838308792,200,0.17241639993153512,23.30564479995519,complete,1.0,4.316261444543326,4.406167444919643,5.388465021677474,4.6532773205356355,4.717256989204261,objective_wall
pso_w09,42,150,4.74773602699211,0.10978758561605652,0.7192471648639945,200,0.1729043999221176,23.47933739994187,complete,1.0,4.301340370933426,4.584089565421953,5.317969314094384,4.674395201403918,4.860885683106865,objective_wall
pso_w09,42,151,4.781240199786945,0.14600241925632532,0.6838400735671313,196,0.16191259992774576,23.64202149992343,complete,1.0,4.333110587154824,4.436355675804869,5.737516317153255,4.669172099987334,4.7300463188344395,objective_wall
pso_w09,42,152,4.766841912744157,0.17759448512802253,0.689433235370104,199,0.17171719996258616,23.81452289992012,complete,1.0,4.326794232536192,4.523963921160502,5.895644667862774,4.446022761222501,4.641783980938815,objective_wall
pso_w09,42,153,4.711021339916354,0.2,0.756919446709131,200,0.17234859999734908,23.987624099943787,complete,1.0,4.075148332422429,4.632192078265185,5.233259373235362,4.571952292019866,5.04255462363893,objective_wall
pso_w09,42,154,4.729873554667792,0.15894588157460912,0.6750909484768751,199,0.17252789996564388,24.160859899944626,complete,1.0,4.306210852151428,4.654005597887266,5.501776780320566,4.581477572304561,4.605896970675139,objective_wall
pso_w09,42,155,4.761732053873104,0.16870231701399394,0.7288338283390523,198,0.17347129993140697,24.335055699921213,complete,1.0,4.206855163486887,4.414992510581895,5.505589581067514,4.7779565934671915,4.903266420762028,objective_wall
pso_w09,42,156,4.74686651835145,0.1797087392743201,0.6260058502557596,200,0.16187449998687953,24.497650199919008,complete,1.0,4.058307478095102,4.516190292972197,5.531929239877043,4.819516401553412,4.8083891792594935,objective_wall
pso_w09,42,157,4.709721422316324,0.165809509154763,0.7073375422440161,200,0.16179449995979667,24.660198799916543,complete,1.0,4.154774021267604,4.5956755945885535,5.470270918168559,4.565686521579606,4.7622000559773,objective_wall
pso_w09,42,158,4.675448053262409,0.2,0.6271558677044002,200,0.18217669997829944,24.843118999968283,complete,1.0,4.357329710525912,4.680509700694305,5.405735901233009,4.59649159777025,4.337173356088566,objective_wall
pso_w09,42,159,4.795321656525372,0.2,0.6,200,0.16315379994921386,25.00705219991505,complete,1.0,4.160115621667071,4.743791424982568,5.801018655363529,4.5432493439789905,4.728433236634709,objective_wall
pso_w09,42,160,4.700617712952903,0.2,0.7377278482968079,200,0.17239829991012812,25.180211099912412,complete,1.0,4.114370405874245,4.440152512127925,5.632299848337463,4.520628118353484,4.795637680071397,objective_wall
pso_w09,42,161,4.683404853571081,0.15478382347363742,0.6441838562279242,200,0.1613999999826774,25.343923699925654,complete,1.0,4.183610501848569,4.390312433165481,5.4881137157115,4.650385464946274,4.704602152183579,objective_wall
pso_w09,42,162,4.669350750390089,0.1692990817879701,0.6865124056803906,200,0.16065199999138713,25.50540129991714,complete,1.0,4.1491935024314035,4.628725584338935,5.384041870391591,4.467536534578717,4.717256260209797,objective_wall
pso_w09,42,163,4.664483528915523,0.13969066655327741,0.6974923040401332,200,0.1616374000441283,25.667788799968548,complete,1.0,4.209104547972707,4.589106772495273,5.331537149285808,4.544790762318405,4.6478784125054196,objective_wall
pso_w09,42,164,4.66305877979636,0.17478668223190336,0.7177954852828263,200,0.16157220001332462,25.83020069997292,complete,1.0,4.127021283920689,4.355932854401017,5.643110524438681,4.562252236789025,4.626976999432385,objective_wall
pso_w09,42,165,4.7585868993340075,0.2,0.8275042608013052,192,0.17224019998684525,26.003162799985148,complete,1.0,4.287693882478924,4.840046173030788,5.5398964065335825,4.451990901803654,4.67330713282309,objective_wall
pso_w09,42,166,4.737917216856067,0.18535931076336865,1.0,184,0.16253660002257675,26.166554900002666,complete,1.0,4.287739485069338,4.450851458776795,5.612142124934891,4.4184646114955255,4.920388404003784,objective_wall
pso_w09,42,167,4.794900594204313,0.17313883296645313,0.7209989823536254,174,0.13996010005939752,26.307258799904957,complete,1.0,4.368270705827112,4.630105255557311,5.590864745985314,4.523994340309525,4.861267923342305,objective_wall
pso_w09,42,168,4.769168971800491,0.18952196559350992,0.6772856133398869,200,0.15979419997893274,26.467796099954285,complete,1.0,4.308265591855082,4.53090017091967,5.847831591836489,4.265425792481121,4.8934217119100945,objective_wall
pso_w09,42,169,4.690581772373968,0.12406761841423962,0.7533264732921784,200,0.1723150999750942,26.640953499940224,complete,1.0,4.080346264748723,4.27949787421265,5.610583380555377,4.595070036177342,4.887411306175746,objective_wall
pso_w09,42,170,4.858692485410829,0.10748538150953885,0.6,154,0.11879169999156147,26.760529099963605,complete,1.0,4.5452779266331325,4.684449702789655,5.485343984854265,4.742474842187917,4.835915970589178,objective_wall
pso_w09,42,171,4.737201188942194,0.18941920790665323,0.6966502126884206,195,0.15185080002993345,26.913244599942118,complete,1.0,4.375475709263075,4.532254564481169,5.44943461146603,4.592095659539836,4.736745399960861,objective_wall
pso_w09,42,172,4.555610716807538,0.17460166474570787,0.6990132615504965,200,0.16248159995302558,27.076467899954878,complete,1.0,3.9090466720498735,4.192331001722979,5.421463485098297,4.526925577533682,4.728286847632861,objective_wall
pso_w09,42,173,4.693692415572329,0.13967980525964885,0.7533118103965214,200,0.18191069993190467,27.25909009994939,complete,1.0,3.968781972054614,4.767782709592656,5.442825116694443,4.57051984873914,4.71855243078079,objective_wall
pso_w09,42,174,4.695615874337357,0.18018706106411025,0.6,200,0.15097429999150336,27.41083849989809,complete,1.0,4.259771576757134,4.574672035277038,5.3602484399282435,4.589496887775073,4.693890431949299,objective_wall
pso_w09,42,175,4.948098293925559,0.2,0.7651856523806083,192,0.16181159997358918,27.573366999975406,complete,1.0,4.218776866368754,4.847734610474503,5.968777117782063,4.713679098059589,4.991523776942886,objective_wall
pso_w09,42,176,4.733610414995708,0.16448337755213308,0.7389517551896019,200,0.16105080000124872,27.73515409999527,complete,1.0,4.2651322725405745,4.6749736273906155,5.573910000367729,4.600276789322018,4.553759385357601,objective_wall
pso_w09,42,177,4.723459832730759,0.17709399851496754,0.7514589556506238,200,0.16120740002952516,27.897060899995267,complete,1.0,3.993715378433957,4.724496402313822,5.58144760460802,4.454705275156305,4.862934503141694,objective_wall
pso_w09,42,178,4.664354816577838,0.14419083827471865,0.7141890775819428,200,0.16076060000341386,28.058588299900293,complete,1.0,4.426878711909683,4.391664639382771,5.358293414693965,4.553020387855424,4.591916929047346,objective_wall
pso_w09,42,179,4.77695664550012,0.1185213324618247,0.6425217833256011,197,0.17320690001361072,28.23259579995647,complete,1.0,4.440417579063202,4.52220877589201,5.398576798588829,4.715303193914973,4.808276880041585,objective_wall
pso_w09,42,180,4.689301214618135,0.16735949557221907,0.6565576363857005,196,0.16150439996272326,28.394870099960826,complete,1.0,4.091019567129921,4.387301653373149,5.663564766087047,4.510455336998173,4.794164749502388,objective_wall
pso_w09,42,181,4.752657229263276,0.14373764243546164,0.6,200,0.14984650001861155,28.546885399962775,complete,1.0,4.16726269848254,4.4764749385025935,5.508952932898952,4.811481496275602,4.799114080156697,objective_wall
pso_w09,42,182,4.797846093077629,0.19597468720886266,0.6606803872257274,200,0.1612938999896869,28.708915499970317,complete,1.0,4.20879233938346,4.47031621475203,5.7572972927725665,4.612613324234039,4.940211294246053,objective_wall
pso_w09,42,183,4.668974048003515,0.1536392280935189,0.6564592746253741,200,0.16131049999967217,28.87101309990976,complete,1.0,4.1754385591100975,4.492040573344716,5.6169594083439325,4.375170930576263,4.685260768642567,objective_wall
pso_w09,42,184,4.661047849365831,0.1618321158761843,0.8546260757269664,200,0.17113379994407296,29.04303149995394,complete,1.0,4.194929317421054,4.545848108889355,5.473393523724624,4.233935767431977,4.8571325293621435,objective_wall
pso_w09,42,185,4.762047761495488,0.15705162071901707,0.9524473839861187,184,0.17189319990575314,29.215635899920017,complete,1.0,4.207927312747933,4.563589614121006,5.873258849347297,4.287566525764764,4.877896505496441,objective_wall
pso_w09,42,186,4.772013603444719,0.17037978976875257,0.9472141369807303,191,0.1827761000022292,29.399124999996275,complete,1.0,4.2800924503922175,4.624680274223506,5.772606642069541,4.342310371660254,4.840378278878079,objective_wall
pso_w09,42,187,4.749028814251053,0.17299404521215922,0.6406520651650051,173,0.14108970004599541,29.541017699986696,complete,1.0,4.293546205766671,4.402208843902841,5.536489663321349,4.890597310943035,4.622302047321371,objective_wall
pso_w09,42,188,4.811754832388405,0.17607504248053998,0.6073109315665776,184,0.14200660004280508,29.683757299906574,complete,1.0,4.495822930746419,4.58462756779973,5.5169910999078144,4.698240452433685,4.763092111054377,objective_wall
pso_w09,42,189,4.597208989794119,0.1396096527606909,0.6366807277568166,200,0.15129790001083165,29.83586989995092,complete,1.0,4.28429678546183,4.224598414646267,5.3873773958007565,4.655277623604082,4.434494729457661,objective_wall
pso_w09,42,190,4.879801454746053,0.18100352986534932,0.7357140091901166,120,0.09925770002882928,29.936050499905832,complete,1.0,4.358624674943337,4.4835149165455235,6.018045471696817,4.577415034160544,4.961407176384046,objective_wall
pso_w09,42,191,4.783298368409978,0.2,0.6972062057142747,198,0.16107180004473776,30.09787569998298,complete,1.0,4.256869177564141,4.772128750511876,5.420568103905644,4.543462812694205,4.9234629973740285,objective_wall
pso_w09,42,192,4.722958989385958,0.16474027442909744,0.6496980153233304,200,0.16147729998920113,30.26021699991543,complete,1.0,4.119679507511017,4.316948027217273,5.7413388892216775,4.768498442148437,4.668330080831384,objective_wall
pso_w09,42,193,4.7963693840632,0.12071034555039042,0.6328123156417451,200,0.16116170003078878,30.4220992999617,complete,1.0,4.270427688427084,4.408443019860651,5.552189321786136,4.865304917751653,4.88548197249048,objective_wall
pso_w09,42,194,4.6777446607783695,0.13896133736309604,0.7246963063902432,200,0.17145890009123832,30.59428679989651,complete,1.0,4.312897740541003,4.418725546427454,5.391082228528967,4.4145280279752175,4.851489760419205,objective_wall
pso_w09,42,195,4.766305870236171,0.11744623789273492,0.8068672425813634,179,0.15116579993627965,30.746105899917893,complete,1.0,4.3462089311849175,4.466979625360826,5.600553179293964,4.554476313351921,4.863311301989229,objective_wall
pso_w09,42,196,4.639607513985271,0.1637882872016772,0.8651871498338667,200,0.17113550007343292,30.91803770000115,complete,1.0,3.848314458617749,4.317980943512501,5.565340639134006,4.368322402484763,5.09807912617734,objective_wall
pso_w09,42,197,4.792558214417433,0.1693841273680051,0.897945214737643,199,0.1717457000631839,31.090617100009695,complete,1.0,4.0062411286815385,4.678684317265823,5.53407989465117,4.661060937510233,5.0827247939784,objective_wall
pso_w09,42,198,4.723866499034729,0.13107493158531217,0.6892133811484901,200,0.16040229995269328,31.251845099963248,complete,1.0,4.358801473699401,4.498739957540879,5.529641958248947,4.491211136149608,4.740937969534807,objective_wall
pso_w09,42,199,4.7529658218535795,0.10686059014357506,0.7116081909642168,196,0.1606692000059411,31.413349199923687,complete,1.0,4.240878490479253,4.633547994250441,5.322418101879657,4.752420039887443,4.815564482771102,objective_wall
pso_w09,42,200,4.866201078153361,0.15638024154110108,0.6,195,0.15108750003855675,31.565192899899557,complete,1.0,4.355613512761058,4.641210488162596,5.659042681778738,4.810033169470692,4.865105538593726,objective_wall
pso_w09,42,201,4.684583694481473,0.1552041232721461,0.631998478636223,200,0.15215799992438406,31.719962499919347,complete,1.0,4.096112618786725,4.409583543166266,5.351506525495227,4.661939366612478,4.90377641834667,objective_wall
pso_w09,42,202,4.837525354014541,0.1537586024459757,0.6053410117753038,200,0.16030970006249845,31.881071399897337,complete,1.0,4.252090732516018,4.4786524498600695,5.564850150201142,4.895498920686468,4.996534516809007,objective_wall
pso_w09,42,203,4.626031126531637,0.1690788559414011,0.6768043893283466,200,0.15014839998912066,32.03211249993183,complete,1.0,4.323456311428247,4.209729227121628,5.553699659943647,4.4217117804784705,4.62155865368619,objective_wall
pso_w09,42,204,4.709348123306763,0.16081254634574832,0.6462098214161288,199,0.1516515000257641,32.184589299955405,complete,1.0,4.198928768735987,4.668600983770714,5.1735803411445,4.816758373790545,4.68887214909207,objective_wall
pso_w09,42,205,4.87210432558255,0.10592154963422686,0.654483493519315,179,0.14012820005882531,32.325525899999775,complete,1.0,4.322445201307666,4.878686614627776,5.409214535411777,4.837900992569249,4.912274283996282,objective_wall
pso_w09,42,206,4.754617308723962,0.16487172745591674,0.7975947253706305,195,0.18221430003177375,32.50843739998527,complete,1.0,4.422393649393198,4.5494793100690005,5.443392315335205,4.620547599173102,4.737273669649301,objective_wall
pso_w09,42,207,4.791523582151812,0.1748795627924735,0.6,186,0.16233960003592074,32.67150729999412,complete,1.0,4.301761525894003,4.641143124621514,5.583877071711176,4.63062988711816,4.800206301414207,objective_wall
pso_w09,42,208,4.619793441352175,0.15829677309653342,0.6379719895537881,188,0.17261130001861602,32.844998999964446,complete,1.0,4.195670252060517,4.095732225035779,5.492442920098566,4.750234000883735,4.56488780868228,objective_wall
pso_w09,42,209,4.795321656525372,0.2,0.6,200,0.17234179994557053,33.018094799946994,complete,1.0,4.160115621667071,4.743791424982568,5.801018655363529,4.5432493439789905,4.728433236634709,objective_wall
pso_w09,42,210,4.622053447534734,0.2,0.6920969381832377,162,0.23635809996630996,33.25523289991543,complete,1.0,4.2173080932768094,4.4065243123481075,5.3776637038501045,4.4848616642739945,4.623909463924656,objective_wall
pso_w09,42,211,4.76324476020667,0.15762725930572805,0.7219412478958325,200,0.2033209000946954,33.45936499990057,complete,1.0,4.181058296715018,4.657813686308363,5.5799127797608925,4.567238040809969,4.83020099743911,objective_wall
pso_w09,42,212,4.711238434601787,0.16750455186723454,0.6069966431011594,200,0.17240519996266812,33.63264269998763,complete,1.0,3.9628825950753157,4.59523322728955,5.561723118369807,4.788196420043979,4.648156812230288,objective_wall
pso_w09,42,213,4.825175100365897,0.1247603724218393,0.6,200,0.1816184000344947,33.81501949997619,complete,1.0,4.173422655658955,4.546402798103773,5.605308921854589,4.739991899584899,5.060749226627265,objective_wall
pso_w09,42,214,4.715203167138147,0.1227972956163379,0.7720370787482354,200,0.2140338000608608,34.02993650001008,complete,1.0,4.1369543223177825,4.412104277025811,5.483269105917839,4.57377263031232,4.969915500116979,objective_wall
pso_w09,42,215,4.773009294818673,0.1167860681084504,0.7843402005039093,193,0.19319099991116673,34.223939499934204,complete,1.0,4.270738085263242,4.3289984297367985,5.536632170338324,4.619928339552222,5.108749449202776,objective_wall
pso_w09,42,216,4.716396893776436,0.16916821335242338,0.7612428462779542,200,0.17304499994497746,34.397699199966155,complete,1.0,4.264323745837235,4.289849675971817,5.380719755169841,4.557601667804885,5.089489624098402,objective_wall
pso_w09,42,217,4.764776297366924,0.1520467586918679,0.6533356074874347,200,0.16255320003256202,34.56100180000067,complete,1.0,4.082016283515261,4.520085226430629,5.591846064912801,4.577460655671107,5.0524732563048245,objective_wall
pso_w09,42,218,4.744772504171104,0.17638474348751298,0.6338391304323965,200,0.15221960004419088,34.71393359999638,complete,1.0,4.378565165132732,4.481959864022615,5.31830851982114,4.923968366124031,4.621060605754997,objective_wall
pso_w09,42,219,4.808455540144894,0.10070427303757509,0.6924663521727217,200,0.1698471000418067,34.884513299912214,complete,1.0,4.13430341754944,4.812759668548515,5.596912068702738,4.513796479740326,4.98450606618345,objective_wall
pso_w09,42,220,4.5781685042132,0.19013004953634113,0.707168878667266,199,0.18199069995898753,35.06728399998974,complete,1.0,4.165480891259908,4.311756155251076,5.453578902509849,4.3197654372752945,4.640261134769874,objective_wall
pso_w09,42,221,4.720990841789396,0.1858319327130419,0.6535772698382212,200,0.1603376999264583,35.23005309992004,complete,1.0,4.218284856416222,4.166491629701571,5.858620057787903,4.580043570986171,4.7815140940551135,objective_wall
pso_w09,42,222,4.669665111752033,0.1581479186853045,0.6203399492073319,200,0.16204830002970994,35.392836199956946,complete,1.0,4.2635995244801945,4.391085622623656,5.636206013820421,4.5623807517945,4.4950536460413915,objective_wall
pso_w09,42,223,4.7909450902817285,0.1722266221412278,0.7779167215739992,200,0.1609836999559775,35.55455749994144,complete,1.0,4.282341652113952,4.373762820793725,5.7799038678807,4.540149618823875,4.978567491796389,objective_wall
pso_w09,42,224,4.583823900181865,0.16278702564620484,0.6742475845054269,200,0.15151950006838888,35.70674880000297,complete,1.0,4.214971929099194,4.4296092453766205,5.378720944855962,4.313735301020894,4.582082080556658,objective_wall
pso_w09,42,225,4.864140903915252,0.08995398568755725,0.6,200,0.15951080003287643,35.86698529997375,complete,1.0,4.484735752902422,4.3681108449621595,5.665004525089702,4.728760339209819,5.074093057412156,objective_wall
pso_w09,42,226,4.807985507492843,0.18189002808315924,0.6,198,0.16247520002070814,36.03023639996536,complete,1.0,4.430413385899768,4.811193765251861,5.561810766346687,4.411393402124264,4.825116217841634,objective_wall
pso_w09,42,227,4.638710520410152,0.17935490717494046,0.651677059113076,200,0.16023369994945824,36.191242399974726,complete,1.0,4.286501321922646,4.50080365616333,5.20279573192889,4.491843264494628,4.7116086275412625,objective_wall
pso_w09,42,228,4.727480597063938,0.14465681876007613,0.6429443761566128,197,0.1609230999602005,36.35284279996995,complete,1.0,4.192596075549117,4.657018488143921,5.733825136332937,4.578627923726731,4.4753353615669855,objective_wall
pso_w09,42,229,4.769918367798509,0.11209930999460724,0.6430222597247719,200,0.1616457001073286,36.51536789990496,complete,1.0,4.237687170641835,4.579753383307478,5.4541106901716,4.751090333513682,4.8269502613579505,objective_wall
pso_w09,42,230,4.869853375865354,0.19514459248451785,0.6,200,0.15076119999866933,36.66684359998908,complete,1.0,4.266630476838996,4.451368645586678,5.710099987668453,4.990063212723627,4.931104556509018,objective_wall
pso_w09,42,231,4.800678812662406,0.11852312829848038,0.7077778146024496,198,0.16117839992512017,36.828790099942125,complete,1.0,4.202241301889748,4.594113433364311,5.665984378135652,4.571738818571756,4.969316131350562,objective_wall
pso_w09,42,232,4.646038515784194,0.1741465278785422,0.692178899564209,200,0.16234900010749698,36.9919157999102,complete,1.0,4.237288944671842,4.547158146617418,5.417221134238668,4.519824074516779,4.508700278876266,objective_wall
pso_w09,42,233,4.688455082014937,0.2,0.6985017693721024,200,0.16126160009298474,37.153973300009966,complete,1.0,4.198936311979239,4.470160059382903,5.4902714179325045,4.362095256547816,4.920812364232226,objective_wall
pso_w09,42,234,4.824825005596873,0.17877794856650547,0.6,199,0.15228689997456968,37.306986399926245,complete,1.0,4.247024411306132,4.545732533724207,5.7608457601156475,4.616976447787844,4.9535458750505335,objective_wall
pso_w09,42,235,4.735075975907,0.16816060631569904,0.6796920421881969,198,0.1609788000350818,37.46866879996378,complete,1.0,4.413167883725093,4.576676288325508,5.657619745990639,4.246709251097499,4.781206710396257,objective_wall
pso_w09,42,236,4.75192578782458,0.16917504846116782,0.6824181070247344,200,0.16312199993990362,37.63253219996113,complete,1.0,4.241496561135065,4.594285868520278,5.60218191622371,4.501765855133909,4.819898738109936,objective_wall
pso_w09,42,237,4.883277815938513,0.15769256424796907,0.6,200,0.15210109995678067,37.78543579997495,complete,1.0,4.202107534949431,4.734297660581355,5.920725428416006,4.6953018236793715,4.863956632066402,objective_wall
pso_w09,42,238,4.771935716147224,0.2,0.7052728261413377,200,0.16184620000422,37.94801950000692,complete,1.0,4.442882042563908,4.549008007964103,5.955980065741904,4.424353584264078,4.48745488020213,objective_wall
pso_w09,42,239,4.777874244507821,0.12968124344034915,0.6,200,0.1521417999174446,38.10092649993021,complete,1.0,4.31521579598887,4.706752710031404,5.229379427682959,4.741503516778492,4.89651977205738,objective_wall
pso_w09,42,240,4.710491441253167,0.2,0.6845882161780651,200,0.1626551999943331,38.264396899961866,complete,1.0,4.4030555507964815,4.480982666987693,5.591847120220956,4.41011791504461,4.666453953216092,objective_wall
pso_w09,42,241,4.8431046561910716,0.19062252773698843,0.6257842024505491,200,0.1601797000039369,38.42681049997918,complete,1.0,4.536260770293963,4.611296312075536,5.998590234491642,4.388905231165292,4.6804707329289235,objective_wall
pso_w09,42,242,4.63069473455364,0.1697350982673861,0.6557209311418417,200,0.16126660001464188,38.58880849997513,complete,1.0,4.364121427388094,4.09441055855924,5.59715012009043,4.4073786365299945,4.69041293020044,objective_wall
pso_w09,42,243,4.779551377597658,0.14298718033536725,0.7823322751327626,200,0.16172390000429004,38.751225799904205,complete,1.0,4.1274873897095326,4.582803252752063,5.608710775044189,4.527635957128949,5.051119513353554,objective_wall
pso_w09,42,244,4.675446421754951,0.1705978351192724,0.6892822026985287,200,0.1610839000204578,38.91306149994489,complete,1.0,4.42045128527166,4.407336268686496,5.458659466949047,4.451777504147941,4.6390075837196125,objective_wall
pso_w09,42,245,4.929910754189429,0.2,0.8290088330191107,191,0.16178349999245256,39.07560699991882,complete,1.0,4.195199756913043,4.9583572388175465,5.94989610221587,4.5097498444853334,5.03635082851535,objective_wall
pso_w09,42,246,4.640646902936736,0.1923417538236041,0.7156628751189047,196,0.16001340001821518,39.23635409993585,complete,1.0,4.26320537431696,4.382081771913519,5.429428127645452,4.767964602602417,4.360554638205333,objective_wall
pso_w09,42,247,4.666797355283556,0.1807461552898375,0.6895068800010187,200,0.15979770000558347,39.39686179999262,complete,1.0,4.248517862731969,4.255468089328249,5.681349144703797,4.587030341212921,4.561621338440845,objective_wall
pso_w09,42,248,4.7024856322323405,0.1616728625212991,0.6188554244404104,200,0.1620083999587223,39.5596526999725,complete,1.0,4.349539469680935,4.5607048316739265,5.512152231172969,4.575200915526497,4.51483071310737,objective_wall
pso_w09,42,249,4.736787894010966,0.1269445150848087,0.669923983828575,200,0.16256440000142902,39.72291949996725,complete,1.0,4.301729148284917,4.607005564825411,5.383167103671557,4.580364761589377,4.811672891683571,objective_wall
pso_w09,42,250,4.647155887008755,0.1729471853238154,0.704682460576314,190,0.15144810010679066,39.87503369990736,complete,1.0,4.353157726015255,4.4379646136782505,5.635984597506365,4.303431894860595,4.505240602983311,objective_wall
pso_w09,42,251,4.667836186624518,0.1346722126092328,0.7072362010719804,198,0.16173950000666082,40.0376205999637,complete,1.0,4.232968721961411,4.51811376908669,5.257204907777147,4.6576846130110345,4.673208921286307,objective_wall
pso_w09,42,252,4.770212221724879,0.17406976142485234,0.7668498866080306,200,0.16204229998402297,40.20041129994206,complete,1.0,4.204425050964936,4.516808854543092,5.699761109226837,4.689993017744896,4.740073076144635,objective_wall
pso_w09,42,253,4.732807924175403,0.15009635543794486,0.7269347403385836,200,0.1605930000077933,40.361869699903764,complete,1.0,4.076910293098267,4.455786075886445,5.475943001127318,4.669439877641145,4.985960373123842,objective_wall
pso_w09,42,254,4.6690347593814465,0.2,0.6907919591375726,199,0.16256110009271652,40.52513550000731,complete,1.0,4.243244393999798,4.702487819004316,5.713151193447954,4.439197083038747,4.247093307416419,objective_wall
pso_w09,42,255,4.781443511825282,0.1894025128544911,0.6599837972201343,185,0.15096650004852563,40.676793799968436,complete,1.0,4.217572617085871,4.409137377528146,5.890913109225582,4.663521865933894,4.726072589352912,objective_wall
pso_w09,42,256,4.719162350343215,0.16813128853297216,0.8588380059749705,200,0.18227659992408007,40.85974559991155,complete,1.0,4.297590812289618,4.422480065673472,5.703398648839907,4.450773978179643,4.721568246733434,objective_wall
pso_w09,42,257,4.766170484269422,0.17274087298249935,0.8290439009982902,200,0.1721537000266835,41.03257899999153,complete,1.0,4.292034985943752,4.583917531619058,5.614526890471765,4.397664361441604,4.94270865187093,objective_wall
pso_w09,42,258,4.779378237907802,0.14166084339155444,0.8575067216200547,200,0.18229500006418675,41.21564639999997,complete,1.0,4.156003778378544,4.555349307773813,5.784398779708051,4.39032908682998,5.010810236848622,objective_wall
pso_w09,42,259,4.712319143275378,0.16193479790556056,0.7397231089359592,197,0.15254809998441488,41.37748299993109,complete,1.0,4.051667617203072,4.518025409761625,5.595115555851686,4.567326035608962,4.829461097951548,objective_wall
pso_w09,42,260,4.862326878717336,0.16743916880248302,0.6160649584444139,199,0.1518200000282377,41.53014579997398,complete,1.0,4.296355337033319,4.857481324450036,5.625697942908437,4.665447260250385,4.866652528944504,objective_wall
pso_w09,42,261,4.798747361514463,0.15533168490646218,0.6,200,0.15086880000308156,41.68327629996929,complete,1.0,4.258893461064246,4.708701708520934,5.598396905485462,4.671193887365899,4.756550845135775,objective_wall
pso_w09,42,262,4.661021890074312,0.18065361663357787,0.6678116934360978,200,0.16206559992861003,41.84620079991873,complete,1.0,4.126978469735954,4.584489396821535,5.479217955022308,4.367362992002677,4.747060636789087,objective_wall
pso_w09,42,263,4.660567721748185,0.13328381825157934,0.7415086720140707,199,0.1727307999972254,42.01973739999812,complete,1.0,4.071380666900924,4.231921926898572,5.401822526522887,4.607415571217717,4.990297917200827,objective_wall
pso_w09,42,264,4.8142433029701035,0.1703162738336867,0.6455325867989379,200,0.16137819993309677,42.18193999992218,complete,1.0,4.423548496219183,4.818823014675636,5.625938863038403,4.635277883189933,4.5676282577273595,objective_wall
pso_w09,42,265,4.688613360512879,0.11187137901465856,0.7135475998023314,195,0.16105039999820292,42.34376550000161,complete,1.0,4.2896869528145745,4.432385492970616,5.386852899542841,4.749049616420564,4.5850918408158,objective_wall
pso_w09,42,266,4.7010921756110475,0.18610794587865429,0.763334780695437,199,0.16083579999394715,42.505392999970354,complete,1.0,4.1725277344216005,4.653809025677395,5.302216132170614,4.607856856864086,4.769051128921542,objective_wall
pso_w09,42,267,4.7702078133373265,0.17517056726875616,0.6005612952647439,200,0.15130079991649836,42.65738849993795,complete,1.0,4.432915109393199,4.375199924447189,5.334192089227455,4.679519881660484,5.0292120619583045,objective_wall
pso_w09,42,268,4.820341411536085,0.17793708001767772,0.6111851521801767,195,0.16177349991630763,42.81996649992652,complete,1.0,4.358915999946223,4.503579256906816,5.743832487062056,4.757541089447306,4.737838224318023,objective_wall
pso_w09,42,269,4.971342819195021,0.16737650116100666,0.6142603264597286,200,0.1613865999970585,42.98215659998823,complete,1.0,4.382460011523161,5.1328271585206275,5.692517799313538,4.630488700717034,5.018420425900745,objective_wall
pso_w09,42,270,4.658523730535445,0.16931642245939857,0.6812882876303794,186,0.1509263999760151,43.13386519998312,complete,1.0,4.254598119559671,4.585473698092528,5.451109597925611,4.493192968443698,4.508244268655719,objective_wall
pso_w09,42,271,4.705728478283883,0.16505431263313994,0.6718655346261714,198,0.15156860009301454,43.28613029990811,complete,1.0,4.166096642085867,4.439269261804595,5.637274749204106,4.740789210003653,4.545212528321194,objective_wall
pso_w09,42,272,4.728245068578689,0.17309342079167095,0.6,200,0.15195260010659695,43.43884909991175,complete,1.0,4.044140379887603,4.707403041764201,5.273108908344569,4.723201668672674,4.8933713442243985,objective_wall
pso_w09,42,273,4.62810781871274,0.12611633809861905,0.6167240966456374,200,0.1526589000131935,43.59232579998206,complete,1.0,4.180215574627445,4.521428239661517,5.396648795162146,4.419496209534352,4.622750274578246,objective_wall
pso_w09,42,274,4.766532197439136,0.17118446524906675,0.768402034661052,200,0.16199389996472746,43.75501879991498,complete,1.0,4.098814633124769,4.4360972445947136,5.75864933149759,4.531203087161599,5.007896690817009,objective_wall
pso_w09,42,275,4.760202822557143,0.12787398305152195,0.9746592550619964,191,0.17252430005464703,43.92834459990263,complete,1.0,4.151763565812563,4.583491305188777,5.606260197057761,4.463563309878838,4.9959357348477775,objective_wall
pso_w09,42,276,4.736661456179523,0.16535190269392203,0.72592238616862,200,0.16169400000944734,44.090762899955735,complete,1.0,4.2113639421944145,4.570148480971152,5.545631985509281,4.47373392102207,4.882428951200697,objective_wall
pso_w09,42,277,4.855549950267105,0.17884514275806151,0.8176930604148939,200,0.17045900004450232,44.261937899980694,complete,1.0,4.107402767446078,4.979226008715981,5.67207977883336,4.448034757006468,5.071006439333636,objective_wall
pso_w09,42,278,4.600188190877341,0.14631249716553532,0.6998258383544964,200,0.16331680002622306,44.42601309996098,complete,1.0,4.285730472788709,4.339756521015658,5.411014636603035,4.466414980873954,4.498024343105349,objective_wall
pso_w09,42,279,4.719336005258279,0.12937972054245522,0.6937607604702603,197,0.16174879996106029,44.58863199991174,complete,1.0,4.196033432653955,4.39037079473838,5.4697259493751265,4.682430295223639,4.858119554300296,objective_wall
pso_w09,42,280,4.680878721651262,0.1595205265636506,0.6985762980561608,199,0.16143389989156276,44.75078359991312,complete,1.0,4.315873591688003,4.273184621983531,5.514425438155547,4.418545702505922,4.882364253923307,objective_wall
pso_w09,42,281,4.686388023320788,0.14527764916762123,0.6353280829753388,200,0.1512980000115931,44.904348099953495,complete,1.0,4.167015931505321,4.473082760846135,5.39358075423679,4.565159907567442,4.833100762448252,objective_wall
pso_w09,42,282,4.803874800765993,0.16770358616001352,0.6281955996806559,200,0.15439479995984584,45.05946269992273,complete,1.0,4.277234445944893,4.600331317703862,5.711790723309799,4.758167522629572,4.671849994241836,objective_wall
pso_w09,42,283,4.682684492991659,0.17851180140118686,0.656807872646029,200,0.17126390000339597,45.231485299998894,complete,1.0,4.194340014034752,4.377255969071425,5.704087327983175,4.406336203947652,4.73140294992129,objective_wall
pso_w09,42,284,4.673009248202961,0.16410919604023835,0.6178324451188866,200,0.1510996000142768,45.383401899947785,complete,1.0,4.211796971302528,4.770024749884885,5.38880186890404,4.532426831297846,4.461995819625508,objective_wall
pso_w09,42,285,4.801701651203842,0.1175795101218876,0.6,189,0.14110180002171546,45.52525439998135,complete,1.0,4.320804104213978,4.599474506068043,5.278151894830233,4.863994839268515,4.9460829116384435,objective_wall
pso_w09,42,286,4.616938663797307,0.16972633619618044,0.7629454309708624,199,0.1630814999807626,45.68911749997642,complete,1.0,4.1190304137017355,4.401966348529568,5.372911871736604,4.455975203838015,4.734809481180612,objective_wall
pso_w09,42,287,4.62564303837704,0.16662654398130106,0.6060609316105176,200,0.150754600064829,45.84063109999988,complete,1.0,4.108919337780636,4.464953403121738,5.516507559858504,4.5388675625286075,4.498967328595717,objective_wall
pso_w09,42,288,4.6770044737390695,0.16087125523453677,0.6219910924385746,185,0.15110010001808405,45.9924588999711,complete,1.0,4.284630819818169,4.46878661647834,5.594387536342789,4.661255220127247,4.375962175928797,objective_wall
pso_w09,42,289,4.8894301128592685,0.18884233235790684,0.6,200,0.1519502999726683,46.145144299953245,complete,1.0,4.423338415876461,5.078851066744449,5.377399298931664,4.892965835365987,4.674595947377781,objective_wall
pso_w09,42,290,4.74474032452377,0.18399190690412018,0.6627216184809759,189,0.15118169994093478,46.29703899996821,complete,1.0,4.131926960544538,4.403091064529479,5.790578279918667,4.596575824654691,4.80152949297148,objective_wall
pso_w09,42,291,4.720924074712923,0.1583600805898102,0.6028848620356101,200,0.1515079999808222,46.44925239996519,complete,1.0,4.352797776792318,4.614939879584081,5.402248288852011,4.717131949257479,4.517502479078726,objective_wall
pso_w09,42,292,4.698049831084769,0.1675886323669355,0.6662082245456036,200,0.16169850004371256,46.611663899966516,complete,1.0,4.12750158265478,4.3936055927566535,5.654730925752288,4.387224910238506,4.927186144021617,objective_wall
pso_w09,42,293,4.746692403911094,0.14660486632837708,0.6,200,0.15114970004651695,46.76362399989739,complete,1.0,4.297202339558717,4.621103191182595,5.338984916695634,4.740350383800003,4.735821188318525,objective_wall
pso_w09,42,294,4.779132007587914,0.11269386279919143,0.7985726311897197,200,0.172599499928765,46.937061499920674,complete,1.0,4.233966880608365,4.609819875696853,5.7004248392060495,4.579434262310402,4.772014180117901,objective_wall
pso_w09,42,295,4.84911712490529,0.10417100205196123,1.0,190,0.1725667999126017,47.1103909999365,complete,1.0,4.299504666991496,4.582270040507699,5.556033759418813,4.614839145097478,5.192938012510969,objective_wall
pso_w09,42,296,4.710682483988232,0.1661827216242314,0.6277792141321397,200,0.1510816999943927,47.26222669996787,complete,1.0,4.178693598062112,4.546527167652839,5.473565657545702,4.572266503319687,4.782359493360822,objective_wall
pso_w09,42,297,4.79943826723383,0.16957582400568777,0.83854376489004,200,0.18233570002485067,47.44532860000618,complete,1.0,4.119685545786182,4.3872652297579755,5.929001089886542,4.532992058317892,5.0282474124205585,objective_wall
pso_w09,42,298,4.690431954595133,0.1605938453418804,0.6,200,0.16050040000118315,47.606522399932146,complete,1.0,4.222922511490492,4.356129916097705,5.576340290365981,4.5807269155552754,4.7160401394662115,objective_wall
pso_w09,42,299,4.82989155172889,0.12446662772173823,0.6493021875902802,200,0.15180450002662838,47.75911449990235,complete,1.0,4.269107337297294,4.680925552854866,5.494738659706957,4.745923659207694,4.958762549577643,objective_wall
pso_w09,42,300,4.650186025558242,0.16537112910408008,0.7163522989402439,200,0.1611278000054881,47.92109339998569,complete,1.0,4.336707487988775,4.1947207374663815,5.644837189392099,4.434571130754395,4.640093582189561,objective_wall
pso_w09,42,301,4.791247695996545,0.1775864771129728,0.6357741971956241,200,0.1608109000371769,48.08431209996343,complete,1.0,4.316133485355146,4.584642425389966,5.467479181259351,4.751052625418741,4.836930762559526,objective_wall
pso_w09,42,302,4.813397980087708,0.15911593422939369,0.614848539011946,200,0.14970690000336617,48.23480179999024,complete,1.0,4.311818402660024,4.613112870824857,5.578177226371595,4.709610356458463,4.8542710441236,objective_wall
pso_w09,42,303,4.7680114883812195,0.2,0.6684073084920443,200,0.1508254000218585,48.38653069990687,complete,1.0,4.063948151677116,4.429136404823793,6.016686985091211,4.719348423870978,4.610937476442999,objective_wall
pso_w09,42,304,4.711911785667257,0.16337768173173348,0.6137987649206887,200,0.16195480001624674,48.549233299912885,complete,1.0,4.34419875053945,4.531577967440845,5.463721475620372,4.491882808163169,4.728177926572452,objective_wall
pso_w09,42,305,4.734555221809294,0.2,0.6840453184428418,192,0.1509922998957336,48.700927799916826,complete,1.0,4.286242682330469,4.521161174518555,5.750086096513768,4.452164207097852,4.663121948585825,objective_wall
pso_w09,42,306,4.65658131582238,0.15442559987288326,0.7058589608538315,199,0.1714776000007987,48.87319839990232,complete,1.0,4.350600305889844,4.454608337476548,5.490015674315175,4.535723185489763,4.451959075940569,objective_wall
pso_w09,42,307,4.7112965533453135,0.1604473163554023,0.6247576787080459,200,0.16011980001349002,49.034064600011334,complete,1.0,4.034925622554465,4.505177338775939,5.772932659743744,4.630115345006104,4.613331800646314,objective_wall
pso_w09,42,308,4.74155020506697,0.15139958363807807,0.6446418541879883,195,0.15121979999821633,49.18611000000965,complete,1.0,4.25741183888245,4.6580570296423565,5.3681322927227395,4.630979009671622,4.79317085441568,objective_wall
pso_w09,42,309,4.832276582290055,0.14218477423785733,0.6150659206513718,200,0.15052080003079027,49.337393099907786,complete,1.0,4.1502937386856695,4.533418708118787,5.57171525821968,4.926435615384513,4.979519591041626,objective_wall
pso_w09,42,310,4.9211000136594905,0.2,0.6351870955974492,179,0.14051429997198284,49.4787300999742,complete,1.0,4.484750041212222,4.6487147730985825,5.770604492587148,4.956185372920228,4.745245388479271,objective_wall
pso_w09,42,311,4.644828263104214,0.13895963757349863,0.7136448513059814,200,0.17114099999889731,49.6506482999539,complete,1.0,4.079506409862828,4.341664822554553,5.41061145098022,4.679207595456799,4.713151036666669,objective_wall
pso_w09,42,312,4.6778452577446465,0.1646207549782431,0.7156824960038679,200,0.16113320004660636,49.812516600009985,complete,1.0,4.339370016211288,4.587373547547286,5.415240834572721,4.509589838486862,4.5376520519050745,objective_wall
pso_w09,42,313,4.703200592021773,0.19203612645365234,0.6200784661066212,200,0.15984540001954883,49.97307899990119,complete,1.0,4.3258851925243205,4.470464121388121,5.759954663289526,4.547937204735583,4.411761778171315,objective_wall
pso_w09,42,314,4.802195433993601,0.10016092233096673,0.6672456329876411,199,0.16103359998669475,50.13489699992351,complete,1.0,4.168130117540266,4.582080295001973,5.579041084681823,4.6834303164119,4.998295356332044,objective_wall
pso_w09,42,315,4.7072877974009,0.16854676733357624,0.8298341739253655,195,0.17281489993911237,50.3085049999645,complete,1.0,4.227917240727605,4.634071325708036,5.502660496289179,4.432901905005339,4.738888019274337,objective_wall
pso_w09,42,316,4.743068199911462,0.1659353937636142,0.6520569644042699,200,0.16044270002748817,50.4697064999491,complete,1.0,4.476790713261972,4.27412063848081,5.610677486390954,4.782074294599722,4.571677866823852,objective_wall
pso_w09,42,317,4.658502328169909,0.15492154145431306,0.6471823594736296,199,0.15149990003556013,50.62187629996333,complete,1.0,4.019678715031524,4.4581703226254605,5.296975520905371,4.670217499237151,4.847469583050041,objective_wall
pso_w09,42,318,4.682859257862413,0.1557719828991862,0.705277117517993,200,0.16161960002500564,50.784244999988005,complete,1.0,4.099278880724076,4.424307780921516,5.6751344605424405,4.491392073988473,4.7241830931355615,objective_wall
pso_w09,42,319,4.759299599372541,0.11171674787878177,0.7058526192351982,199,0.17178059997968376,50.956710499944165,complete,1.0,4.253799241313884,4.5376149053065395,5.490656490989736,4.515957640622208,4.998469718630338,objective_wall
pso_w09,42,320,4.720409800965034,0.18464356441698393,0.6444280866766245,200,0.1522054000524804,51.10958719998598,complete,1.0,4.5239463628723735,4.533945934200493,5.512154538665856,4.6527305136852295,4.379271655401218,objective_wall
