generation,best,mean,current_best,diversity,evaluations,inertia
0,4.7085571755550735,5.433956974312464,4.7085571755550735,0.2939122584434731,20,0.9
1,4.636365677588229,4.880060818850998,4.636365677588229,0.19195887887093002,40,0.9
2,4.636365677588229,4.8488143529873895,4.658069986210149,0.16230954967570183,60,0.9
3,4.636365677588229,4.8443040543399665,4.698707353521757,0.15853828308635584,80,0.9
4,4.636365677588229,4.915632100912203,4.679020379813788,0.23313547194311698,100,0.9
5,4.630740232111234,4.85529415558818,4.630740232111234,0.2035785651193208,120,0.9
6,4.562839800485248,4.721882778817319,4.562839800485248,0.12299170646787945,140,0.9
7,4.562839800485248,4.708621766187026,4.571145667873756,0.07079704485867278,160,0.9
8,4.562839800485248,4.72895969909252,4.562839800485248,0.1041411738237429,180,0.9
9,4.554781166212972,4.746158372356439,4.554781166212972,0.10956587134211652,200,0.9
10,4.554781166212972,4.721560108130748,4.554781166212972,0.08016429394598736,220,0.9
11,4.554781166212972,4.7271336536025945,4.569619958363307,0.06086490163826567,240,0.9
12,4.554781166212972,4.707479679037934,4.5829654351776785,0.06674869265037901,260,0.9
13,4.554781166212972,4.739911778828734,4.604701816880562,0.09625784315518815,280,0.9
14,4.554781166212972,4.700005130658964,4.571043410339234,0.09251578394639519,300,0.9
15,4.554781166212972,4.696300771364839,4.571428969848506,0.07630939923045299,320,0.9
