mean_fit_time,std_fit_time,mean_score_time,std_score_time,param_model__learning_rate,param_model__n_estimators,param_model__subsample,params,split0_test_score,split1_test_score,split2_test_score,split3_test_score,split4_test_score,mean_test_score,std_test_score,rank_test_score
0.12885098457336425,0.004175919258314766,0.0009023189544677734,0.0005836693792787079,0.07108098316357399,175,0.6276205363494417,"OrderedDict({'model__learning_rate': 0.07108098316357399, 'model__n_estimators': 175, 'model__subsample': 0.6276205363494417})",-4.525111587013024,-4.791085599437715,-5.572197285516999,-4.844760899493639,-5.049822239432936,-4.956595522178863,0.35035286654974557,35
0.14159646034240722,0.0023498905485891844,0.0012125015258789063,0.0004156246430431605,0.06531448263834612,159,0.9731471995391335,"OrderedDict({'model__learning_rate': 0.06531448263834612, 'model__n_estimators': 159, 'model__subsample': 0.9731471995391335})",-4.7806013226490895,-5.053155004512143,-5.7967052010586295,-5.0624591383364725,-5.3557413425842775,-5.209732401828122,0.34531581383548593,37
0.14016714096069335,0.006468560903071337,0.0008578777313232421,0.0008398283318132506,0.14691050121527097,182,0.7213640439536699,"OrderedDict({'model__learning_rate': 0.14691050121527097, 'model__n_estimators': 182, 'model__subsample': 0.7213640439536699})",-4.232120512026274,-4.5192159977404085,-5.480992216296437,-4.471396360451574,-4.689064056787638,-4.678557828660466,0.42699491752598984,4
0.13781342506408692,0.005000552541670602,0.0012167930603027345,0.0004305210732965581,0.06976259868338945,188,0.6419436634210814,"OrderedDict({'model__learning_rate': 0.06976259868338945, 'model__n_estimators': 188, 'model__subsample': 0.6419436634210814})",-4.412807900095597,-4.736330071614501,-5.593021316801771,-4.882860718690586,-5.002709273094476,-4.9255458560593866,0.38781504074571455,34
0.06018085479736328,0.0014533740123353416,0.0017160892486572266,0.0008610237012459193,0.14010750864678198,76,0.8392188310048512,"OrderedDict({'model__learning_rate': 0.14010750864678198, 'model__n_estimators': 76, 'model__subsample': 0.8392188310048512})",-4.834702107156856,-5.035363701047579,-5.778229357211191,-5.013290603006972,-5.288375293454248,-5.189992212375369,0.3277397331243757,36
0.08691143989562988,0.0024096725954655244,0.0014723777770996095,0.0012984649472108413,0.1367351980809615,116,0.810648094851077,"OrderedDict({'model__learning_rate': 0.1367351980809615, 'model__n_estimators': 116, 'model__subsample': 0.810648094851077})",-4.320934710424603,-4.656037480962778,-5.861560833165576,-4.605337167038305,-5.075224150572747,-4.903818868432802,0.5360765477908019,32
0.14204134941101074,0.002287648993036829,0.0011026859283447266,0.000666061395184286,0.1207517281279313,191,0.6654428714554201,"OrderedDict({'model__learning_rate': 0.1207517281279313, 'model__n_estimators': 191, 'model__subsample': 0.6654428714554201})",-4.35814912134101,-4.676697532191114,-5.314258903503951,-4.536640343801378,-4.642079813437371,-4.705565142854964,0.3239152049501799,6
0.12158327102661133,0.002578425161268438,0.0011025428771972655,0.0006648369106148413,0.09672490949938144,166,0.7436091727685615,"OrderedDict({'model__learning_rate': 0.09672490949938144, 'model__n_estimators': 166, 'model__subsample': 0.7436091727685615})",-4.468947282900681,-4.581942370003343,-5.619504752773729,-4.831870238646119,-4.932461219101552,-4.886945172685085,0.402367355218677,29
0.14388980865478515,0.0036099239588489075,0.0018343925476074219,0.0036687850952148438,0.08410770679325696,188,0.7985866814386867,"OrderedDict({'model__learning_rate': 0.08410770679325696, 'model__n_estimators': 188, 'model__subsample': 0.7985866814386867})",-4.245749315639802,-4.733542991010127,-5.610135037868035,-4.814535982066595,-4.957006594597833,-4.872193984236478,0.43971164266169566,28
0.1378716468811035,0.0034011046490233002,0.0015996932983398438,0.001097322784383719,0.18380102095442605,155,0.948660771385286,"OrderedDict({'model__learning_rate': 0.18380102095442605, 'model__n_estimators': 155, 'model__subsample': 0.948660771385286})",-4.074309337637543,-4.48575884283917,-5.829244912601312,-4.331225937381431,-4.849345618864019,-4.713976929864695,0.6115396636878093,7
0.15273661613464357,0.0032341055717873676,0.0013287067413330078,0.00041569929429303835,0.19747400077997437,198,0.6919032321081262,"OrderedDict({'model__learning_rate': 0.19747400077997437, 'model__n_estimators': 198, 'model__subsample': 0.6919032321081262})",-4.185476507513428,-4.414379609030365,-5.541228385510649,-4.486389217166998,-4.7191954898187785,-4.669333841808045,0.46803303210942687,2
0.11655793190002442,0.006947802338814679,0.00287933349609375,0.0027907103134836805,0.19742707978042703,156,0.604714164871652,"OrderedDict({'model__learning_rate': 0.19742707978042703, 'model__n_estimators': 156, 'model__subsample': 0.604714164871652})",-4.356432960189067,-4.704789885268721,-5.767666309368884,-4.627237783934106,-4.484126014984489,-4.788050590749053,0.5042031310580525,17
0.16837005615234374,0.005217429434434552,0.00019993782043457032,0.00039987564086914064,0.16679065877627644,199,0.9766857861407316,"OrderedDict({'model__learning_rate': 0.16679065877627644, 'model__n_estimators': 199, 'model__subsample': 0.9766857861407316})",-4.216283505404348,-4.642822375153047,-5.71391404542833,-4.391084307249673,-4.849244423130396,-4.762669731273159,0.522175822193555,13
0.1569385051727295,0.0033820718316210888,0.0009017467498779296,0.0004915508959238144,0.16254408294187953,199,0.7506326382363543,"OrderedDict({'model__learning_rate': 0.16254408294187953, 'model__n_estimators': 199, 'model__subsample': 0.7506326382363543})",-4.499423053642549,-4.530521618931328,-5.690900514235147,-4.387272201128037,-4.908958858056892,-4.803415249198791,0.4772476870315287,21
0.04192261695861817,0.0012345914652959883,0.0008711338043212891,0.00045660698307706374,0.030373789722890957,52,0.7130181065615497,"OrderedDict({'model__learning_rate': 0.030373789722890957, 'model__n_estimators': 52, 'model__subsample': 0.7130181065615497})",-8.297544743354342,-8.658175246458358,-8.797279865916797,-8.897275106835453,-8.358301927515408,-8.60171537801607,0.23687913451688325,40
0.1529874324798584,0.004282710265655866,0.003650856018066406,0.0027912806793544084,0.030653051085901068,199,0.7544624123792192,"OrderedDict({'model__learning_rate': 0.030653051085901068, 'model__n_estimators': 199, 'model__subsample': 0.7544624123792192})",-5.18694848229379,-5.598815096900822,-5.993766284232058,-5.5990904908698305,-5.54795847105678,-5.585315765070656,0.2558499017146519,39
0.07189607620239258,0.002569638499038407,0.0007891654968261719,0.00039484719637517104,0.19972902710552765,103,0.6396936521028134,"OrderedDict({'model__learning_rate': 0.19972902710552765, 'model__n_estimators': 103, 'model__subsample': 0.6396936521028134})",-4.6294312603503744,-4.536568972847372,-5.650975582292211,-4.990837482619004,-4.742806476996747,-4.910123955021142,0.4004254385446328,33
0.14592933654785156,0.002414314198545716,0.0012204170227050782,0.0009967323753164016,0.19765564823770676,200,0.6930260571452161,"OrderedDict({'model__learning_rate': 0.19765564823770676, 'model__n_estimators': 200, 'model__subsample': 0.6930260571452161})",-4.2240649288904555,-4.593760926686242,-5.553716194411756,-4.517801042752232,-4.788073536102027,-4.735483325768542,0.44750203328190813,8
0.12345719337463379,0.005990488265579164,0.0017138481140136718,0.001961780361545902,0.1476656073744517,168,0.652373695852099,"OrderedDict({'model__learning_rate': 0.1476656073744517, 'model__n_estimators': 168, 'model__subsample': 0.652373695852099})",-4.331250715866827,-4.641342574944222,-5.546479277741149,-4.571752694363211,-5.1521860712978675,-4.848602266842656,0.43964766384756243,26
0.16994147300720214,0.004419173434333689,0.0015152454376220702,0.0007995500847126526,0.10447885106744291,198,0.9957024794769954,"OrderedDict({'model__learning_rate': 0.10447885106744291, 'model__n_estimators': 198, 'model__subsample': 0.9957024794769954})",-4.344759568469375,-4.804161414565509,-5.679404433294391,-4.644297024135219,-5.018332501794059,-4.898190988451711,0.44817819494847944,31
0.16983375549316407,0.0044414064101244086,0.0,0.0,0.19909100096835974,199,0.9716175001687328,"OrderedDict({'model__learning_rate': 0.19909100096835974, 'model__n_estimators': 199, 'model__subsample': 0.9716175001687328})",-4.046824838262972,-4.838147193310461,-5.595306254628744,-4.4920105915600885,-5.003118953638547,-4.795081566280163,0.5171525696259793,19
0.12336797714233398,0.0022127953437469467,0.0010162830352783204,3.0399107456583496e-05,0.19352544114659662,183,0.6051806669982291,"OrderedDict({'model__learning_rate': 0.19352544114659662, 'model__n_estimators': 183, 'model__subsample': 0.6051806669982291})",-4.20419554541252,-4.199837643479748,-5.323273197876244,-4.716890600139276,-4.912812179080559,-4.6714018331976686,0.4303345116244735,3
0.13775386810302734,0.004002481243809913,0.0014605045318603516,0.0004072238298697947,0.1989704389576642,170,0.620211297165075,"OrderedDict({'model__learning_rate': 0.1989704389576642, 'model__n_estimators': 170, 'model__subsample': 0.620211297165075})",-4.5614118875822545,-4.307043551462944,-5.798494344069754,-4.822145469697874,-4.969506860644323,-4.89172042269143,0.5067703859975992,30
0.04029660224914551,0.00453684487448379,0.0007091045379638671,0.0003952465035328679,0.19884467197599792,53,0.6614013687471239,"OrderedDict({'model__learning_rate': 0.19884467197599792, 'model__n_estimators': 53, 'model__subsample': 0.6614013687471239})",-4.774324483208392,-5.251862654477892,-5.996103230483789,-5.012126225998578,-5.283136327260729,-5.263510584285877,0.4098072635760117,38
0.1489274024963379,0.0037445269864551734,0.0010277748107910157,0.000973987005067942,0.12063799215171633,200,0.6109748651640711,"OrderedDict({'model__learning_rate': 0.12063799215171633, 'model__n_estimators': 200, 'model__subsample': 0.6109748651640711})",-4.363020100023887,-4.543068444502277,-5.465046059696293,-4.687992541619111,-4.855200505102852,-4.782865530188884,0.3777237972193957,16
0.19644103050231934,0.0037123695824755236,0.0012513160705566405,0.0002795418787848169,0.19850263047523672,195,0.9867773938496968,"OrderedDict({'model__learning_rate': 0.19850263047523672, 'model__n_estimators': 195, 'model__subsample': 0.9867773938496968})",-4.299511258262158,-4.619833509325398,-5.478751117747133,-4.526038703904965,-4.813254447849511,-4.747477807417833,0.40127038101235124,10
0.15075297355651857,0.004296661867363686,0.0018918514251708984,0.0011960305412342012,0.17449970857563357,199,0.6272418776607372,"OrderedDict({'model__learning_rate': 0.17449970857563357, 'model__n_estimators': 199, 'model__subsample': 0.6272418776607372})",-4.320827518539532,-4.475144229393156,-5.3744565872415135,-4.725326343002126,-4.616495432064606,-4.702450022048187,0.36243840851138037,5
0.16434888839721679,0.006426248002481928,0.0020082950592041015,0.0008086377203989832,0.1954713823463061,198,0.6123290530948585,"OrderedDict({'model__learning_rate': 0.1954713823463061, 'model__n_estimators': 198, 'model__subsample': 0.6123290530948585})",-4.216859557534591,-4.4077327513093065,-5.647606528813471,-4.947096376611589,-4.551062465546763,-4.754071535963144,0.5070351701310929,11
0.1676771640777588,0.002789711809474966,0.00033707618713378905,0.0004243600602227367,0.1604961936817186,199,0.6208473099016418,"OrderedDict({'model__learning_rate': 0.1604961936817186, 'model__n_estimators': 199, 'model__subsample': 0.6208473099016418})",-4.236631761820175,-4.492128765535387,-5.813144856046764,-4.625225080845667,-4.9090039669672905,-4.815226886243057,0.5440404056669571,23
0.17988991737365723,0.008993321583464515,0.0009084701538085938,0.0005006536658999281,0.1991131062531807,199,0.6065096049380805,"OrderedDict({'model__learning_rate': 0.1991131062531807, 'model__n_estimators': 199, 'model__subsample': 0.6065096049380805})",-4.050989527087724,-4.658244143559831,-5.450134598421427,-4.812473642889423,-4.873809776104219,-4.769130337612525,0.44824662898182555,15
0.22113966941833496,0.0012264190621023672,0.0019967079162597655,0.00026880099403591904,0.198637133734927,157,0.9968195636663674,"OrderedDict({'model__learning_rate': 0.198637133734927, 'model__n_estimators': 157, 'model__subsample': 0.9968195636663674})",-4.215775320261621,-4.700823957481103,-5.74095857397357,-4.543842676984121,-4.862527864344943,-4.812785678609072,0.5109337220865785,22
0.13945794105529785,0.012032078702563396,0.0018193244934082032,0.0018390041842841617,0.1492089368843643,165,0.6042440966892934,"OrderedDict({'model__learning_rate': 0.1492089368843643, 'model__n_estimators': 165, 'model__subsample': 0.6042440966892934})",-4.379646067560051,-4.517394127964852,-5.44906180731341,-4.679415845379031,-4.799337507318536,-4.764971071107177,0.3704728289860783,14
0.17038822174072266,0.010560980245954157,0.00090789794921875,0.001121899249475299,0.07114927430412504,200,0.6051632969014458,"OrderedDict({'model__learning_rate': 0.07114927430412504, 'model__n_estimators': 200, 'model__subsample': 0.6051632969014458})",-4.523192159139383,-4.60917251452662,-5.488216151915017,-4.693010498604459,-4.875311182259521,-4.837780501289001,0.34544489514962473,25
0.2113811492919922,0.0023695824011333677,0.0011035919189453125,0.00019983979630484975,0.16080610549840005,181,0.9876513233395984,"OrderedDict({'model__learning_rate': 0.16080610549840005, 'model__n_estimators': 181, 'model__subsample': 0.9876513233395984})",-4.237241026594725,-4.6671816186915525,-5.652527943432515,-4.58489580535067,-5.046551870039069,-4.837679652821707,0.48189234002762626,24
0.1580911636352539,0.017528718994733822,0.0022528648376464845,0.0011501688104944253,0.14102281933890376,200,0.6321664480409769,"OrderedDict({'model__learning_rate': 0.14102281933890376, 'model__n_estimators': 200, 'model__subsample': 0.6321664480409769})",-4.279796204819822,-4.4471791429102785,-5.392490632063441,-4.83899731705354,-4.734792800962572,-4.738651219561931,0.38290837025006685,9
0.14051904678344726,0.003818259625047746,0.0014870643615722656,0.00044107871182342266,0.14264238449422115,152,0.6033565263341714,"OrderedDict({'model__learning_rate': 0.14264238449422115, 'model__n_estimators': 152, 'model__subsample': 0.6033565263341714})",-4.398778381811336,-4.626760767738931,-5.579846396493761,-5.0235704922773445,-4.646804385414301,-4.855152084747135,0.414100210023199,27
0.1678928852081299,0.0136652080970601,0.0016351699829101562,0.0003612777930742333,0.0979352043119866,199,0.6120866554221596,"OrderedDict({'model__learning_rate': 0.0979352043119866, 'model__n_estimators': 199, 'model__subsample': 0.6120866554221596})",-4.438898871580881,-4.479007572961963,-5.529080766927572,-4.646932510559033,-4.865876793540314,-4.791959303113953,0.3981042758082042,18
0.2220311164855957,0.0025275651880534294,0.001593303680419922,0.001640209131886214,0.19903248431364995,198,0.7161110288813025,"OrderedDict({'model__learning_rate': 0.19903248431364995, 'model__n_estimators': 198, 'model__subsample': 0.7161110288813025})",-4.246160216739637,-4.272337457243495,-5.4574197394179125,-4.697211739207183,-4.544683236770287,-4.643562477875703,0.44062581922248323,1
0.18255176544189453,0.009773757569247367,0.0012065887451171875,0.0016116998491613323,0.1994068576882131,199,0.692852788985425,"OrderedDict({'model__learning_rate': 0.1994068576882131, 'model__n_estimators': 199, 'model__subsample': 0.692852788985425})",-4.244209368221406,-4.515083460262868,-5.721871166868797,-4.598717364850264,-4.7304557921629975,-4.762067430473268,0.5055855627279446,12
0.15127201080322267,0.008189028512042043,0.0010230064392089844,0.0008255308546917053,0.19918764236315908,137,0.9975144562126124,"OrderedDict({'model__learning_rate': 0.19918764236315908, 'model__n_estimators': 137, 'model__subsample': 0.9975144562126124})",-4.155659453713204,-4.830411948017844,-5.619967113416374,-4.482566703319442,-4.889990414873236,-4.79571912666802,0.4893293852782417,20
