method,relative_rmse_improvement,additional_seconds,efficiency_per_second,status
baseline,0.0,0.0,,undefined_nonpositive_delta_time
grid,0.20357893243532413,3.7851888000732288,0.05378303254817452,defined
random,0.20357893243532413,3.063117500161752,0.06646135266589476,defined
gp_manual,0.1655197945391208,1.7305947000859305,0.09564330373304744,defined
bayessearch,0.1908027090626172,13.378544400096871,0.014261843692146035,defined
bayesopt,0.2069953756327531,10.783886600169355,0.019194876885065014,defined
optuna,0.20896739381168036,6.556966700125486,0.03186952189457988,defined
hyperopt,0.13811088874488206,5.201937200152315,0.026549895439114127,defined
ray,0.1714967769500552,159.84769780025817,0.001072876114639783,defined
ga,0.1937560013937977,40.76518150011543,0.004752977768374442,defined
de_best1bin,0.16248654594392156,56.328118100296706,0.00288464361004572,defined
de_rand1bin,0.21241415285010157,51.90830380015541,0.004092103522933177,defined
pso_w07,0.16210263284009205,51.70241400017404,0.0031353010487971873,defined
pso_w04,0.19451389785749143,55.0602693001274,0.0035327451232978506,defined
pso_w09,0.19058342361745237,50.90780590020586,0.0037436974595026046,defined
