iteration,n_previous,mean_sigma,max_ei,previous_best_rmse,next_learning_rate,next_subsample
1,5,0.13568606635004593,0.19838436436504842,4.928826750827254,0.2,1.0
2,6,0.15630048203154287,0.07254579105037434,4.928826750827254,0.07745966692414834,1.0
3,7,0.07286498099088277,0.026502378407632768,4.928826750827254,0.1877441316039074,0.6
4,8,0.04728160972157069,0.012087112169568455,4.928826750827254,0.16543946674462315,1.0
5,9,0.059069238222148115,0.1348346632769627,4.928826750827254,0.2,0.8133333333333334
6,10,0.062858007812727,0.010353832185271685,4.860811256323991,0.2,0.8
7,11,0.06068447068088788,0.0026896832370906466,4.8254280910603145,0.2,0.7933333333333333
8,12,0.09359996489362725,0.0036242511528617218,4.8254280910603145,0.2,0.6
9,13,0.08878299589453262,0.00294782657844902,4.8254280910603145,0.2,0.6066666666666667
10,14,0.08556824390328593,0.0030956372397916987,4.8254280910603145,0.2,0.6133333333333333
