status,method,seed,cv_rmse,test_rmse,test_mae,test_r2,search_seconds,refit_seconds,total_seconds,prediction_seconds,baseline_fit_seconds,n_evaluations,unique_candidates,cv_fits,trained_trees_cv,completed_trials,pruned_trials,full_resource_evaluations,cv_jobs,split_seed,fold_seed,train_rows,test_rows,sample_fraction,data_fingerprint,framework_commit,code_sha256,shapiro_statistic,worker_startup_seconds_excluded,parallelism,shapiro_pvalue,timing_definition,test_interpretation,params_json
complete,baseline,42,5.295370960228461,5.603850110947511,4.128400063854351,0.8947351120962037,0.25327469990588725,0.0960010999115184,0.34927579981740564,0.0005895000649616122,0.0960010999115184,1,1,5,500,1,0,1,5,42,42,804,201,1.0,503672bc1db72cdcb457df56bc34d44e94a933cee18b7a8baaabc8540ac7719e:53a672d829c8bea46dc35372870640922b377684b0b6bd2985b8fe7a2877e0c5,f68892c8b7adba358b8aa437eec00a89fe88d340,f652fe5eab5e5cec8ea6b8c53e7de4b31fc3f14f453fd695768e8e0b0cf3aea8,0.9437425278701018,1.4803418000228703,5 loky processes for CV; Ray uses5 threads inside1 trial; native libraries limited to1 thread,4.647533259013428e-07,"HPO/CV plus one development refit; excludes data fetch, test prediction, serialization and plots",Comparative educational evaluation; choosing winner by test is descriptive and outcome-informed,"{""learning_rate"": 0.1, ""n_estimators"": 100, ""subsample"": 1.0}"
complete,grid,42,4.732686876685554,4.463024287833244,3.1411359737273825,0.9332319009037524,3.9914890999207273,0.1429754999699071,4.134464599890634,0.0007874999428167939,,36,36,180,22500,36,0,36,5,42,42,804,201,1.0,503672bc1db72cdcb457df56bc34d44e94a933cee18b7a8baaabc8540ac7719e:53a672d829c8bea46dc35372870640922b377684b0b6bd2985b8fe7a2877e0c5,f68892c8b7adba358b8aa437eec00a89fe88d340,f652fe5eab5e5cec8ea6b8c53e7de4b31fc3f14f453fd695768e8e0b0cf3aea8,0.9280741149141629,1.5103258000453934,5 loky processes for CV; Ray uses5 threads inside1 trial; native libraries limited to1 thread,2.231719830279433e-08,"HPO/CV plus one development refit; excludes data fetch, test prediction, serialization and plots",Comparative educational evaluation; choosing winner by test is descriptive and outcome-informed,"{""learning_rate"": 0.2, ""n_estimators"": 150, ""subsample"": 0.8}"
complete,random,42,4.732686876685554,4.463024287833244,3.1411359737273825,0.9332319009037524,3.2884824000066146,0.12391089997254312,3.4123932999791577,0.0006557999877259135,,30,30,150,19250,30,0,30,5,42,42,804,201,1.0,503672bc1db72cdcb457df56bc34d44e94a933cee18b7a8baaabc8540ac7719e:53a672d829c8bea46dc35372870640922b377684b0b6bd2985b8fe7a2877e0c5,f68892c8b7adba358b8aa437eec00a89fe88d340,f652fe5eab5e5cec8ea6b8c53e7de4b31fc3f14f453fd695768e8e0b0cf3aea8,0.9280741149141629,1.5103258000453934,5 loky processes for CV; Ray uses5 threads inside1 trial; native libraries limited to1 thread,2.231719830279433e-08,"HPO/CV plus one development refit; excludes data fetch, test prediction, serialization and plots",Comparative educational evaluation; choosing winner by test is descriptive and outcome-informed,"{""learning_rate"": 0.2, ""n_estimators"": 150, ""subsample"": 0.8}"
complete,gp_manual,42,4.8254280910603145,4.67630199195545,3.432869114633282,0.9266980360003407,1.9900879999622703,0.08978249994106591,2.079870499903336,0.0006665000692009926,,15,15,75,7500,15,0,15,5,42,42,804,201,1.0,503672bc1db72cdcb457df56bc34d44e94a933cee18b7a8baaabc8540ac7719e:53a672d829c8bea46dc35372870640922b377684b0b6bd2985b8fe7a2877e0c5,f68892c8b7adba358b8aa437eec00a89fe88d340,f652fe5eab5e5cec8ea6b8c53e7de4b31fc3f14f453fd695768e8e0b0cf3aea8,0.9458257666919523,1.5103258000453934,5 loky processes for CV; Ray uses5 threads inside1 trial; native libraries limited to1 thread,7.208090618694871e-07,"HPO/CV plus one development refit; excludes data fetch, test prediction, serialization and plots",Comparative educational evaluation; choosing winner by test is descriptive and outcome-informed,"{""learning_rate"": 0.2, ""n_estimators"": 100, ""subsample"": 0.8}"
complete,bayessearch,42,4.643562477875703,4.534620328597878,2.985655484383859,0.931072524488531,13.557948499917984,0.1698716999962926,13.727820199914277,0.0009944000048562884,,40,40,200,34255,40,0,40,5,42,42,804,201,1.0,503672bc1db72cdcb457df56bc34d44e94a933cee18b7a8baaabc8540ac7719e:53a672d829c8bea46dc35372870640922b377684b0b6bd2985b8fe7a2877e0c5,f68892c8b7adba358b8aa437eec00a89fe88d340,f652fe5eab5e5cec8ea6b8c53e7de4b31fc3f14f453fd695768e8e0b0cf3aea8,0.8791482164293499,1.5103258000453934,5 loky processes for CV; Ray uses5 threads inside1 trial; native libraries limited to1 thread,1.3166875845471778e-11,"HPO/CV plus one development refit; excludes data fetch, test prediction, serialization and plots",Comparative educational evaluation; choosing winner by test is descriptive and outcome-informed,"{""learning_rate"": 0.19903248431364995, ""n_estimators"": 198, ""subsample"": 0.7161110288813025}"
complete,bayesopt,42,4.647569478534396,4.443879052242286,3.0818694037265972,0.9338035084657037,10.946559499949217,0.18660290003754199,11.133162399986759,0.0007423999486491084,,40,40,200,34655,40,0,40,5,42,42,804,201,1.0,503672bc1db72cdcb457df56bc34d44e94a933cee18b7a8baaabc8540ac7719e:53a672d829c8bea46dc35372870640922b377684b0b6bd2985b8fe7a2877e0c5,f68892c8b7adba358b8aa437eec00a89fe88d340,f652fe5eab5e5cec8ea6b8c53e7de4b31fc3f14f453fd695768e8e0b0cf3aea8,0.9165310280612918,1.5103258000453934,5 loky processes for CV; Ray uses5 threads inside1 trial; native libraries limited to1 thread,3.0498356403988345e-09,"HPO/CV plus one development refit; excludes data fetch, test prediction, serialization and plots",Comparative educational evaluation; choosing winner by test is descriptive and outcome-informed,"{""learning_rate"": 0.15067515422521613, ""n_estimators"": 197, ""subsample"": 0.8435483674802927}"
complete,optuna,42,4.6435200534576815,4.432828157951514,3.112790894921957,0.9341323296818992,6.759465600014664,0.14677689992822707,6.906242499942891,0.0007987000280991197,,40,40,200,31310,40,0,40,5,42,42,804,201,1.0,503672bc1db72cdcb457df56bc34d44e94a933cee18b7a8baaabc8540ac7719e:53a672d829c8bea46dc35372870640922b377684b0b6bd2985b8fe7a2877e0c5,f68892c8b7adba358b8aa437eec00a89fe88d340,f652fe5eab5e5cec8ea6b8c53e7de4b31fc3f14f453fd695768e8e0b0cf3aea8,0.9350392854664241,1.5103258000453934,5 loky processes for CV; Ray uses5 threads inside1 trial; native libraries limited to1 thread,8.15814390016429e-08,"HPO/CV plus one development refit; excludes data fetch, test prediction, serialization and plots",Comparative educational evaluation; choosing winner by test is descriptive and outcome-informed,"{""learning_rate"": 0.18448682291250332, ""n_estimators"": 171, ""subsample"": 0.6973613011542326}"
complete,hyperopt,42,4.7253446218100885,4.8298973917314445,3.4202149031628535,0.9218036790578423,5.429427900002338,0.12178509996738285,5.551212999969721,0.000709500047378242,,40,40,200,26275,40,0,40,5,42,42,804,201,1.0,503672bc1db72cdcb457df56bc34d44e94a933cee18b7a8baaabc8540ac7719e:53a672d829c8bea46dc35372870640922b377684b0b6bd2985b8fe7a2877e0c5,f68892c8b7adba358b8aa437eec00a89fe88d340,f652fe5eab5e5cec8ea6b8c53e7de4b31fc3f14f453fd695768e8e0b0cf3aea8,0.9373011182059097,1.5103258000453934,5 loky processes for CV; Ray uses5 threads inside1 trial; native libraries limited to1 thread,1.264842251796559e-07,"HPO/CV plus one development refit; excludes data fetch, test prediction, serialization and plots",Comparative educational evaluation; choosing winner by test is descriptive and outcome-informed,"{""learning_rate"": 0.15362058128797001, ""n_estimators"": 141, ""subsample"": 0.7201685419162034}"
complete,ray,42,4.609611939431095,4.642807878408804,3.1123637211817843,0.9277443292698606,160.00827630003914,0.1886973000364378,160.19697360007558,0.0009544000495225191,,40,40,585,24935,24,16,24,5,42,42,804,201,1.0,503672bc1db72cdcb457df56bc34d44e94a933cee18b7a8baaabc8540ac7719e:53a672d829c8bea46dc35372870640922b377684b0b6bd2985b8fe7a2877e0c5,f68892c8b7adba358b8aa437eec00a89fe88d340,4bd4e786823cd9b0637186f1a46f4651d3e092b341d8316d3cdfc3c7c1dceda1,0.8939089063007882,1.4649927000282332,5 loky processes for CV; Ray uses5 threads inside1 trial; native libraries limited to1 thread,9.704957062471348e-11,"HPO/CV plus one development refit; excludes data fetch, test prediction, serialization and plots",Comparative educational evaluation; choosing winner by test is descriptive and outcome-informed,"{""learning_rate"": 0.19057480414057001, ""n_estimators"": 188, ""subsample"": 0.7016790776038879}"
complete,ga,42,4.601032390525872,4.518070521040132,3.013324281589276,0.9315747296234306,40.9530289999675,0.16142829996533692,41.11445729993284,0.0008181000594049692,,259,113,1295,229515,259,0,259,5,42,42,804,201,1.0,503672bc1db72cdcb457df56bc34d44e94a933cee18b7a8baaabc8540ac7719e:53a672d829c8bea46dc35372870640922b377684b0b6bd2985b8fe7a2877e0c5,f68892c8b7adba358b8aa437eec00a89fe88d340,4bd4e786823cd9b0637186f1a46f4651d3e092b341d8316d3cdfc3c7c1dceda1,0.8894023011158962,1.4649927000282332,5 loky processes for CV; Ray uses5 threads inside1 trial; native libraries limited to1 thread,5.177315648198289e-11,"HPO/CV plus one development refit; excludes data fetch, test prediction, serialization and plots",Comparative educational evaluation; choosing winner by test is descriptive and outcome-informed,"{""learning_rate"": 0.19255367900893572, ""n_estimators"": 199, ""subsample"": 0.7124}"
complete,de_best1bin,42,4.561234755333677,4.693299862432188,3.3024940803741107,0.9261641774981679,56.53190300008282,0.14549090003129095,56.67739390011411,0.0006730000022798777,,390,389,1950,297665,390,0,390,5,42,42,804,201,1.0,503672bc1db72cdcb457df56bc34d44e94a933cee18b7a8baaabc8540ac7719e:53a672d829c8bea46dc35372870640922b377684b0b6bd2985b8fe7a2877e0c5,f68892c8b7adba358b8aa437eec00a89fe88d340,4bd4e786823cd9b0637186f1a46f4651d3e092b341d8316d3cdfc3c7c1dceda1,0.9343016677894179,1.4649927000282332,5 loky processes for CV; Ray uses5 threads inside1 trial; native libraries limited to1 thread,7.084798036965655e-08,"HPO/CV plus one development refit; excludes data fetch, test prediction, serialization and plots",Comparative educational evaluation; choosing winner by test is descriptive and outcome-informed,"{""learning_rate"": 0.18592831471757415, ""n_estimators"": 166, ""subsample"": 0.9229046597305002}"
complete,de_rand1bin,42,4.598111119646815,4.413513036931648,3.0899071767740756,0.934705088297425,52.1046195999952,0.152959999977611,52.257579599972814,0.0007919999770820141,,390,390,1950,289570,390,0,390,5,42,42,804,201,1.0,503672bc1db72cdcb457df56bc34d44e94a933cee18b7a8baaabc8540ac7719e:53a672d829c8bea46dc35372870640922b377684b0b6bd2985b8fe7a2877e0c5,f68892c8b7adba358b8aa437eec00a89fe88d340,4bd4e786823cd9b0637186f1a46f4651d3e092b341d8316d3cdfc3c7c1dceda1,0.9303128621512442,1.4649927000282332,5 loky processes for CV; Ray uses5 threads inside1 trial; native libraries limited to1 thread,3.356512340260357e-08,"HPO/CV plus one development refit; excludes data fetch, test prediction, serialization and plots",Comparative educational evaluation; choosing winner by test is descriptive and outcome-informed,"{""learning_rate"": 0.17973946639608243, ""n_estimators"": 190, ""subsample"": 0.7131620818566082}"
complete,pso_w07,42,4.533867115693849,4.695451253921678,3.05908984351076,0.9260964698413459,51.89895549998619,0.15273430000524968,52.051689799991436,0.0007176999934017658,,320,311,1600,299065,320,0,320,5,42,42,804,201,1.0,503672bc1db72cdcb457df56bc34d44e94a933cee18b7a8baaabc8540ac7719e:53a672d829c8bea46dc35372870640922b377684b0b6bd2985b8fe7a2877e0c5,f68892c8b7adba358b8aa437eec00a89fe88d340,4bd4e786823cd9b0637186f1a46f4651d3e092b341d8316d3cdfc3c7c1dceda1,0.8667353183786826,1.4649927000282332,5 loky processes for CV; Ray uses5 threads inside1 trial; native libraries limited to1 thread,2.774850192667274e-12,"HPO/CV plus one development refit; excludes data fetch, test prediction, serialization and plots",Comparative educational evaluation; choosing winner by test is descriptive and outcome-informed,"{""learning_rate"": 0.2, ""n_estimators"": 198, ""subsample"": 0.6812398480639558}"
complete,pso_w04,42,4.569414265330341,4.513823382857975,3.1940812810341495,0.9317033132676039,55.2405107000377,0.16903439990710467,55.40954509994481,0.0007282000733539462,,320,319,1600,284275,320,0,320,5,42,42,804,201,1.0,503672bc1db72cdcb457df56bc34d44e94a933cee18b7a8baaabc8540ac7719e:53a672d829c8bea46dc35372870640922b377684b0b6bd2985b8fe7a2877e0c5,f68892c8b7adba358b8aa437eec00a89fe88d340,4bd4e786823cd9b0637186f1a46f4651d3e092b341d8316d3cdfc3c7c1dceda1,0.935397707685688,1.4649927000282332,5 loky processes for CV; Ray uses5 threads inside1 trial; native libraries limited to1 thread,8.739938953947726e-08,"HPO/CV plus one development refit; excludes data fetch, test prediction, serialization and plots",Comparative educational evaluation; choosing winner by test is descriptive and outcome-informed,"{""learning_rate"": 0.1931273851151526, ""n_estimators"": 185, ""subsample"": 0.9098086508461618}"
complete,pso_w09,42,4.527704183493258,4.535849171364094,3.1240622208473483,0.9310351619310688,51.111761900014244,0.14531980000901967,51.257081700023264,0.0007277000695466995,,320,319,1600,299740,320,0,320,5,42,42,804,201,1.0,503672bc1db72cdcb457df56bc34d44e94a933cee18b7a8baaabc8540ac7719e:53a672d829c8bea46dc35372870640922b377684b0b6bd2985b8fe7a2877e0c5,f68892c8b7adba358b8aa437eec00a89fe88d340,4bd4e786823cd9b0637186f1a46f4651d3e092b341d8316d3cdfc3c7c1dceda1,0.9210843068477211,1.4649927000282332,5 loky processes for CV; Ray uses5 threads inside1 trial; native libraries limited to1 thread,6.544330543972482e-09,"HPO/CV plus one development refit; excludes data fetch, test prediction, serialization and plots",Comparative educational evaluation; choosing winner by test is descriptive and outcome-informed,"{""learning_rate"": 0.16809750091737735, ""n_estimators"": 200, ""subsample"": 0.6224038096817177}"
