method,seed,cv_rmse,test_rmse,test_mae,test_r2,search_seconds,refit_seconds,total_seconds,n_evaluations
pso_w09,0,4.554781166212972,4.660333512229623,3.1633328204156625,0.9271977994459594,43.639465800020844,0.13971010001841933,43.77917590003926,320
pso_w09,7,4.566132526211932,4.538826674328498,3.0771830299030625,0.9309445899567863,48.15486280003097,0.1342022999888286,48.2890651000198,320
pso_w09,21,4.595495128827563,4.426286484689527,3.1289229944306243,0.9343265924987035,49.70455749996472,0.1564591999631375,49.86101669992786,320
pso_w09,42,4.527704183493258,4.535849171364094,3.1240622208473483,0.9310351619310688,51.111761900014244,0.14531980000901967,51.257081700023264,320
pso_w09,99,4.56433860851285,4.48263487851194,3.1244091288371356,0.9326438518794855,50.82911349995993,0.15213059994857758,50.98124409990851,320
de_rand1bin,0,4.641292344998723,4.556862339232229,3.162048179782276,0.9303946968542705,40.64446529990528,0.13891880004666746,40.783384099951945,300
de_rand1bin,7,4.653233111580673,4.690940334271325,3.254723882010713,0.9262383998637231,33.45442580000963,0.16508369997609407,33.619509499985725,240
de_rand1bin,21,4.650787158184473,4.578277626907609,3.1867973493229886,0.9297389297455607,32.99673010001425,0.12322720000520349,33.11995730001945,240
de_rand1bin,42,4.598111119646815,4.413513036931648,3.0899071767740756,0.934705088297425,52.1046195999952,0.152959999977611,52.257579599972814,390
de_rand1bin,99,4.652422381340192,4.45550053177514,3.1630840104617866,0.9334568261697058,31.355564999976195,0.17037089995574206,31.525935899931937,240
