generation,best,mean,best_ever,diversity,evaluations
0,4.731581324371229,5.4633158802907,4.731581324371229,1.0,20
1,4.6079684967075725,4.969795873012364,4.6079684967075725,0.95,36
2,4.601394955671424,4.824425231028476,4.601394955671424,0.9,50
3,4.601394955671424,4.767474772233952,4.601394955671424,0.75,65
4,4.601394955671424,4.722791371649481,4.601394955671424,0.8,78
5,4.601394955671424,4.685552369790187,4.601394955671424,0.6,96
6,4.601394955671424,4.717964218189302,4.601394955671424,0.5,115
7,4.601394955671424,4.639621206574767,4.601394955671424,0.25,130
8,4.601394955671424,4.642853694538547,4.601394955671424,0.3,144
9,4.601394955671424,4.633132372798009,4.601394955671424,0.2,157
10,4.601394955671424,4.648627425312743,4.601394955671424,0.2,175
11,4.601394955671424,4.74132160029192,4.601394955671424,0.3,190
12,4.601394955671424,4.638249985347253,4.601394955671424,0.3,206
13,4.601394955671424,4.655299893457012,4.601394955671424,0.2,225
14,4.601394955671424,4.700756648573394,4.601394955671424,0.3,243
15,4.601032390525872,4.63276026969656,4.601032390525872,0.2,259
