clean_index,source_row,split,validation_fold
0,0,train,1
1,1,train,2
2,2,train,3
3,3,train,1
4,4,train,3
5,5,train,2
6,6,train,2
7,7,train,4
8,8,train,1
9,9,train,0
10,10,test,-1
11,11,train,3
12,12,train,2
13,13,train,1
14,14,train,4
15,15,train,4
16,16,train,4
17,17,train,3
18,18,train,2
19,19,train,3
20,20,train,2
21,21,train,4
22,22,train,2
23,23,test,-1
24,24,train,4
25,25,test,-1
26,26,train,1
27,27,train,0
28,28,train,4
29,29,train,4
30,30,test,-1
31,31,train,3
32,32,train,2
33,33,train,4
34,34,train,0
35,35,train,4
36,36,train,3
37,37,train,1
38,38,train,4
39,39,test,-1
40,40,train,4
41,41,train,0
42,42,train,2
43,43,train,1
44,44,test,-1
45,45,train,2
46,46,train,2
47,47,train,2
48,48,train,1
49,49,train,1
50,50,train,3
51,51,train,0
52,52,train,0
53,53,train,2
54,54,test,-1
55,55,test,-1
56,56,train,0
57,57,train,2
58,58,train,3
59,59,test,-1
60,60,test,-1
61,61,train,2
62,62,train,0
63,63,test,-1
64,64,train,3
65,65,train,1
66,66,test,-1
67,67,test,-1
68,68,train,0
69,69,train,2
70,70,test,-1
71,71,train,0
72,72,test,-1
73,73,train,1
74,74,train,2
75,75,train,0
76,76,test,-1
77,78,train,3
78,79,train,2
79,81,train,4
80,82,train,2
81,83,train,1
82,84,train,1
83,85,train,0
84,87,train,0
85,89,train,3
86,90,test,-1
87,92,train,3
88,93,test,-1
89,94,train,2
90,95,train,2
91,96,train,2
92,97,train,2
93,98,train,4
94,99,train,3
95,101,train,3
96,102,test,-1
97,104,train,4
98,105,train,4
99,106,train,2
100,107,train,1
101,108,test,-1
102,110,train,2
103,112,train,3
104,113,train,1
105,114,train,3
106,115,train,0
107,116,test,-1
108,117,train,3
109,118,train,2
110,119,test,-1
111,120,train,2
112,121,train,4
113,122,train,3
114,124,train,3
115,125,train,3
116,127,train,0
117,128,train,4
118,129,train,0
119,130,train,1
120,131,test,-1
121,133,train,0
122,135,train,0
123,136,train,3
124,138,train,3
125,139,train,2
126,140,train,1
127,141,train,1
128,142,train,4
129,143,train,4
130,144,train,0
131,145,train,4
132,147,train,2
133,148,train,4
134,150,train,2
135,151,train,1
136,152,test,-1
137,153,test,-1
138,154,train,0
139,156,test,-1
140,158,train,2
141,159,train,2
142,161,train,4
143,162,train,0
144,163,train,4
145,164,train,1
146,165,train,4
147,166,train,3
148,167,train,3
149,168,train,4
150,170,train,4
151,171,train,2
152,173,train,3
153,174,train,4
154,175,train,2
155,176,train,2
156,178,train,4
157,180,train,0
158,181,test,-1
159,183,train,1
160,184,train,3
161,185,train,1
162,186,train,4
163,187,train,0
164,188,train,1
165,189,train,0
166,190,train,1
167,191,train,2
168,192,test,-1
169,193,train,3
170,194,train,4
171,195,train,1
172,196,train,3
173,197,train,0
174,198,test,-1
175,199,train,4
176,200,train,1
177,201,train,1
178,202,train,1
179,203,train,2
180,204,train,4
181,205,train,3
182,206,train,2
183,207,train,2
184,208,test,-1
185,209,train,4
186,210,train,0
187,211,train,4
188,212,train,2
189,213,train,3
190,214,train,1
191,215,train,3
192,216,train,0
193,217,train,0
194,218,train,2
195,219,train,2
196,220,train,0
197,221,train,4
198,222,test,-1
199,223,test,-1
200,224,train,1
201,225,train,0
202,226,train,1
203,227,train,0
204,228,train,1
205,229,train,1
206,230,train,1
207,231,train,0
208,232,test,-1
209,233,test,-1
210,234,test,-1
211,235,train,4
212,236,train,0
213,237,test,-1
214,238,train,4
215,239,test,-1
216,240,train,3
217,241,train,3
218,242,test,-1
219,243,train,0
220,244,train,2
221,245,test,-1
222,246,train,3
223,247,train,4
224,248,train,2
225,249,train,3
226,250,train,3
227,251,train,1
228,252,train,2
229,253,train,1
230,254,train,0
231,255,train,3
232,256,train,4
233,257,train,1
234,258,train,2
235,259,test,-1
236,260,train,4
237,261,test,-1
238,262,train,1
239,263,train,1
240,264,train,3
241,265,train,3
242,266,train,3
243,267,train,4
244,268,test,-1
245,269,train,0
246,270,train,1
247,271,test,-1
248,272,train,3
249,273,test,-1
250,274,train,1
251,275,train,0
252,276,train,0
253,277,train,4
254,278,train,4
255,279,train,4
256,280,test,-1
257,281,train,1
258,282,train,2
259,283,test,-1
260,284,test,-1
261,285,test,-1
262,286,train,4
263,287,train,1
264,288,train,4
265,289,test,-1
266,290,train,0
267,291,train,0
268,292,train,3
269,293,train,0
270,294,train,0
271,295,train,1
272,296,train,4
273,297,train,0
274,298,train,3
275,299,train,4
276,300,train,3
277,301,test,-1
278,302,train,0
279,303,train,2
280,304,train,0
281,305,test,-1
282,306,train,0
283,307,train,4
284,308,train,0
285,309,train,0
286,310,test,-1
287,311,train,2
288,312,train,2
289,313,train,1
290,314,test,-1
291,315,train,0
292,316,train,0
293,317,train,1
294,318,test,-1
295,319,train,1
296,320,test,-1
297,321,train,2
298,322,test,-1
299,323,test,-1
300,324,train,3
301,325,train,3
302,326,train,3
303,327,train,4
304,328,train,0
305,329,test,-1
306,330,train,4
307,331,train,4
308,332,train,4
309,333,test,-1
310,334,test,-1
311,335,train,1
312,336,test,-1
313,337,train,3
314,338,test,-1
315,339,train,1
316,340,train,1
317,341,train,3
318,342,test,-1
319,343,train,1
320,344,train,1
321,345,test,-1
322,346,train,2
323,347,test,-1
324,348,train,4
325,349,train,0
326,350,train,4
327,351,test,-1
328,352,train,2
329,353,train,4
330,354,train,0
331,355,test,-1
332,356,test,-1
333,357,train,0
334,358,test,-1
335,359,train,2
336,360,train,1
337,361,train,1
338,362,train,0
339,363,train,3
340,364,train,2
341,365,train,2
342,366,train,2
343,367,train,1
344,368,train,3
345,369,train,1
346,370,train,0
347,371,train,4
348,372,train,3
349,373,train,1
350,374,test,-1
351,375,test,-1
352,376,train,1
353,377,train,1
354,378,train,3
355,379,test,-1
356,380,train,2
357,381,test,-1
358,382,train,2
359,383,train,4
360,384,train,3
361,385,train,4
362,386,train,4
363,387,test,-1
364,388,train,1
365,389,test,-1
366,390,train,3
367,391,train,3
368,392,train,2
369,393,train,1
370,394,train,4
371,395,test,-1
372,396,train,2
373,397,train,2
374,398,train,0
375,399,train,0
376,400,train,2
377,401,test,-1
378,402,train,4
379,403,train,2
380,404,test,-1
381,405,test,-1
382,406,train,2
383,407,train,4
384,408,train,1
385,409,train,3
386,410,train,4
387,411,train,0
388,412,test,-1
389,413,train,0
390,414,train,1
391,415,train,2
392,416,train,0
393,417,train,3
394,418,test,-1
395,419,train,3
396,420,train,2
397,421,train,2
398,422,train,1
399,423,train,0
400,424,train,0
401,425,train,4
402,426,train,1
403,427,train,3
404,428,train,1
405,429,test,-1
406,430,train,1
407,431,train,0
408,432,train,0
409,433,train,2
410,434,train,4
411,435,train,1
412,436,train,1
413,437,train,3
414,438,train,2
415,439,train,0
416,440,train,2
417,441,train,2
418,442,train,3
419,443,train,3
420,444,test,-1
421,445,train,4
422,446,train,3
423,447,test,-1
424,448,train,1
425,449,train,4
426,450,train,4
427,451,train,0
428,452,test,-1
429,453,test,-1
430,454,train,1
431,455,train,3
432,456,test,-1
433,457,train,1
434,458,train,1
435,459,train,1
436,460,train,4
437,461,train,3
438,462,train,2
439,463,train,3
440,464,test,-1
441,465,train,4
442,466,train,4
443,467,train,4
444,468,train,3
445,469,test,-1
446,470,train,2
447,471,test,-1
448,472,train,2
449,473,train,1
450,474,train,3
451,475,train,2
452,476,train,4
453,477,test,-1
454,478,train,3
455,479,train,4
456,480,test,-1
457,481,train,4
458,482,train,0
459,483,train,1
460,484,train,3
461,485,train,4
462,486,train,0
463,487,train,2
464,488,train,3
465,489,test,-1
466,490,train,2
467,491,train,1
468,492,test,-1
469,493,train,1
470,494,train,1
471,495,train,2
472,496,train,3
473,497,train,1
474,498,train,1
475,499,train,3
476,500,train,3
477,501,train,3
478,502,train,0
479,503,train,2
480,504,train,1
481,505,test,-1
482,506,test,-1
483,507,train,0
484,508,train,4
485,509,train,1
486,510,test,-1
487,511,train,1
488,512,train,4
489,513,train,4
490,514,train,2
491,515,train,3
492,516,train,4
493,517,test,-1
494,518,train,0
495,519,test,-1
496,520,train,4
497,521,train,2
498,522,train,2
499,523,train,1
500,524,test,-1
501,525,test,-1
502,526,train,1
503,527,train,2
504,528,train,2
505,529,train,3
506,530,train,3
507,531,train,2
508,532,train,4
509,533,train,1
510,534,train,3
511,535,train,1
512,536,train,3
513,537,train,4
514,538,test,-1
515,539,train,1
516,540,test,-1
517,541,train,0
518,542,train,0
519,543,test,-1
520,544,train,2
521,545,train,1
522,546,train,4
523,547,test,-1
524,548,train,0
525,549,test,-1
526,550,test,-1
527,551,test,-1
528,552,test,-1
529,553,test,-1
530,554,train,3
531,555,test,-1
532,556,train,3
533,557,train,1
534,558,train,1
535,559,train,1
536,560,test,-1
537,561,train,4
538,562,train,0
539,563,train,0
540,564,train,2
541,565,test,-1
542,566,test,-1
543,567,train,0
544,568,test,-1
545,569,train,4
546,570,train,0
547,571,train,2
548,572,test,-1
549,573,train,4
550,574,train,0
551,575,test,-1
552,576,train,1
553,577,train,1
554,578,train,3
555,579,train,4
556,580,train,0
557,581,test,-1
558,582,test,-1
559,583,train,0
560,584,train,1
561,585,train,3
562,586,train,0
563,587,train,0
564,588,train,3
565,589,train,3
566,590,train,0
567,591,train,4
568,592,train,4
569,593,train,4
570,594,train,3
571,595,train,0
572,596,train,2
573,597,train,0
574,598,train,0
575,599,train,4
576,600,test,-1
577,601,train,1
578,602,test,-1
579,603,train,4
580,604,train,1
581,605,train,0
582,606,train,2
583,607,train,1
584,608,train,3
585,609,train,2
586,610,train,4
587,611,train,1
588,612,train,2
589,613,train,4
590,614,train,0
591,615,train,2
592,616,train,0
593,617,test,-1
594,618,test,-1
595,619,train,2
596,620,test,-1
597,621,train,2
598,622,test,-1
599,623,test,-1
600,624,train,0
601,625,train,0
602,626,train,2
603,627,train,0
604,628,test,-1
605,629,test,-1
606,630,train,1
607,631,train,1
608,632,train,1
609,633,train,0
610,634,train,1
611,635,test,-1
612,636,train,2
613,637,train,3
614,638,train,2
615,639,train,0
616,640,train,2
617,641,train,0
618,642,test,-1
619,643,train,0
620,644,train,0
621,645,test,-1
622,646,train,4
623,647,train,1
624,648,train,4
625,649,test,-1
626,650,train,1
627,651,train,2
628,652,test,-1
629,653,train,0
630,654,test,-1
631,655,train,0
632,656,train,3
633,657,train,1
634,658,train,0
635,659,train,1
636,660,train,0
637,661,train,3
638,662,train,2
639,663,train,1
640,664,train,4
641,665,train,0
642,666,train,3
643,667,train,1
644,668,train,4
645,669,train,3
646,670,train,3
647,671,train,3
648,672,train,3
649,673,test,-1
650,674,train,3
651,675,train,1
652,676,train,4
653,677,train,1
654,678,train,3
655,679,test,-1
656,680,test,-1
657,681,train,2
658,682,train,0
659,683,train,2
660,684,train,4
661,685,train,2
662,686,train,3
663,687,train,3
664,688,test,-1
665,689,train,3
666,690,train,1
667,691,train,0
668,692,train,2
669,693,train,2
670,694,train,3
671,695,train,0
672,696,train,4
673,697,train,3
674,698,train,0
675,699,train,3
676,700,train,4
677,701,train,0
678,702,train,1
679,703,train,0
680,704,train,2
681,705,train,1
682,706,test,-1
683,707,train,4
684,708,train,3
685,709,train,1
686,710,train,2
687,711,train,2
688,712,train,2
689,713,train,4
690,714,train,3
691,715,train,4
692,716,train,3
693,717,train,1
694,718,test,-1
695,719,train,0
696,720,train,1
697,721,train,2
698,722,train,3
699,723,train,0
700,724,train,4
701,725,train,3
702,726,train,0
703,727,train,4
704,728,train,2
705,729,test,-1
706,730,train,0
707,731,train,3
708,732,train,0
709,733,train,1
710,734,train,0
711,735,train,1
712,736,train,4
713,737,train,3
714,738,train,4
715,739,train,2
716,740,train,2
717,741,test,-1
718,742,test,-1
719,743,train,2
720,744,test,-1
721,745,train,0
722,746,train,2
723,747,train,1
724,748,train,1
725,749,train,1
726,750,train,4
727,751,train,0
728,752,test,-1
729,753,train,0
730,754,train,2
731,755,test,-1
732,756,train,3
733,757,train,3
734,758,train,4
735,759,train,3
736,760,test,-1
737,761,train,0
738,762,train,4
739,763,test,-1
740,764,train,3
741,765,test,-1
742,766,train,2
743,767,train,0
744,768,train,3
745,769,test,-1
746,770,test,-1
747,771,train,3
748,772,train,1
749,773,train,4
750,774,train,2
751,775,train,2
752,776,train,4
753,777,test,-1
754,778,train,1
755,779,train,1
756,780,train,3
757,781,test,-1
758,782,train,0
759,783,train,4
760,784,train,3
761,785,train,3
762,786,train,0
763,787,train,3
764,788,train,4
765,789,train,1
766,790,train,3
767,791,test,-1
768,792,train,2
769,793,train,1
770,794,test,-1
771,795,train,1
772,796,train,0
773,797,test,-1
774,798,train,2
775,799,train,0
776,800,train,3
777,801,train,2
778,802,test,-1
779,803,train,4
780,804,train,1
781,805,test,-1
782,806,train,0
783,807,test,-1
784,808,train,4
785,810,train,4
786,811,train,0
787,812,test,-1
788,813,train,2
789,814,train,4
790,815,train,3
791,816,train,4
792,817,train,3
793,818,test,-1
794,819,train,3
795,820,train,0
796,821,train,3
797,822,train,2
798,823,train,3
799,824,train,4
800,825,train,1
801,826,train,1
802,827,train,1
803,828,test,-1
804,829,train,4
805,830,train,3
806,831,train,1
807,832,train,4
808,833,train,0
809,834,test,-1
810,835,train,2
811,836,train,2
812,837,train,2
813,838,train,4
814,839,test,-1
815,840,train,3
816,841,test,-1
817,842,train,0
818,843,train,3
819,844,test,-1
820,845,train,3
821,846,train,3
822,847,train,1
823,848,train,4
824,849,train,2
825,850,test,-1
826,851,train,0
827,852,train,1
828,853,test,-1
829,854,train,0
830,855,test,-1
831,856,train,2
832,857,train,0
833,858,train,3
834,859,train,4
835,860,train,0
836,861,train,4
837,862,train,0
838,863,train,3
839,864,train,3
840,865,train,2
841,866,train,3
842,867,train,2
843,868,train,3
844,869,train,2
845,870,test,-1
846,871,train,1
847,872,train,4
848,873,test,-1
849,874,train,0
850,875,train,2
851,876,train,2
852,877,train,1
853,878,test,-1
854,879,train,1
855,880,train,2
856,881,train,3
857,882,train,4
858,883,train,4
859,884,train,0
860,885,train,4
861,886,train,2
862,887,train,2
863,888,train,1
864,889,train,4
865,890,train,0
866,891,train,3
867,892,train,2
868,893,train,4
869,894,train,2
870,895,train,0
871,896,train,4
872,897,train,0
873,898,train,4
874,899,test,-1
875,900,train,1
876,901,test,-1
877,902,train,3
878,903,train,4
879,904,train,0
880,905,train,1
881,906,train,4
882,907,train,2
883,908,test,-1
884,909,train,0
885,910,train,4
886,911,train,0
887,912,test,-1
888,913,train,3
889,914,train,2
890,915,test,-1
891,916,train,3
892,917,train,0
893,918,train,3
894,919,train,1
895,920,train,2
896,921,train,3
897,922,train,0
898,923,test,-1
899,924,train,2
900,925,train,3
901,926,train,3
902,927,train,0
903,928,test,-1
904,929,test,-1
905,930,train,4
906,931,test,-1
907,932,train,1
908,933,train,0
909,934,train,0
910,935,train,1
911,936,train,4
912,937,test,-1
913,938,train,1
914,939,test,-1
915,940,train,2
916,941,train,0
917,942,train,4
918,943,train,2
919,944,train,1
920,945,test,-1
921,946,test,-1
922,947,train,3
923,948,train,0
924,949,train,0
925,950,train,2
926,951,test,-1
927,952,train,2
928,953,test,-1
929,954,test,-1
930,955,train,3
931,956,train,4
932,957,train,0
933,958,test,-1
934,959,train,1
935,960,train,0
936,961,train,0
937,962,train,2
938,963,train,0
939,964,test,-1
940,965,train,4
941,966,train,1
942,967,test,-1
943,968,train,3
944,969,test,-1
945,970,test,-1
946,971,train,3
947,972,train,3
948,973,train,4
949,974,train,0
950,975,train,0
951,976,train,4
952,977,test,-1
953,978,train,4
954,979,test,-1
955,980,train,2
956,981,train,4
957,982,train,4
958,983,train,1
959,984,train,4
960,985,test,-1
961,986,train,0
962,987,train,3
963,988,train,1
964,989,test,-1
965,990,train,1
966,991,train,1
967,992,train,2
968,993,train,3
969,994,train,2
970,995,train,0
971,996,train,2
972,997,train,2
973,998,train,4
974,999,train,2
975,1000,train,1
976,1001,train,2
977,1002,train,1
978,1003,test,-1
979,1004,test,-1
980,1005,train,3
981,1006,train,2
982,1007,train,0
983,1008,train,3
984,1009,train,2
985,1010,train,0
986,1011,train,2
987,1012,train,4
988,1013,train,1
989,1014,train,3
990,1015,test,-1
991,1016,train,1
992,1017,train,3
993,1018,train,4
994,1019,train,2
995,1020,train,4
996,1021,train,1
997,1022,train,4
998,1023,train,1
999,1024,train,4
1000,1025,test,-1
1001,1026,train,4
1002,1027,train,1
1003,1028,train,3
1004,1029,train,1
