mean_fit_time,std_fit_time,mean_score_time,std_score_time,param_model__subsample,param_model__n_estimators,param_model__learning_rate,params,split0_test_score,split1_test_score,split2_test_score,split3_test_score,split4_test_score,mean_test_score,std_test_score,rank_test_score
0.16158089637756348,0.004446140278316135,0.0009010791778564453,0.00019781614651617462,1.0,200,0.2,"{'model__subsample': 1.0, 'model__n_estimators': 200, 'model__learning_rate': 0.2}",-4.129743306372773,-4.575948934688014,-5.807517035112127,-4.599290451979075,-4.986473078354152,-4.819794561301228,0.5634946139215116,7
0.0395540714263916,0.000872250823542495,0.0003094196319580078,0.0006188392639160156,0.8,50,0.1,"{'model__subsample': 0.8, 'model__n_estimators': 50, 'model__learning_rate': 0.1}",-5.408495669325781,-5.827924433835709,-6.274287973114838,-5.80972656532302,-5.907074726126782,-5.845501873545226,0.2757578636958787,23
0.040435266494750974,0.0030197211735517354,0.0020293235778808595,0.0021487439414801337,1.0,50,0.2,"{'model__subsample': 1.0, 'model__n_estimators': 50, 'model__learning_rate': 0.2}",-4.874356192568362,-5.125347091643806,-6.043961107943747,-5.266486074049671,-5.462542735590946,-5.354538640359307,0.39441739997110914,18
0.10155701637268066,0.0017496170842082142,0.0025053024291992188,0.003345060630258677,0.6,150,0.2,"{'model__subsample': 0.6, 'model__n_estimators': 150, 'model__learning_rate': 0.2}",-4.2834439377549405,-4.565455037309979,-5.784983270419399,-4.65410310674356,-4.766683951475976,-4.810933860740771,0.5126073865970181,6
0.08028497695922851,0.006739531181887676,0.000594472885131836,0.0004854130041787935,0.8,100,0.1,"{'model__subsample': 0.8, 'model__n_estimators': 100, 'model__learning_rate': 0.1}",-4.638732619744647,-4.840063064257937,-5.712488048326561,-5.017018437279469,-5.358244515194718,-5.113309336960667,0.3816194159425128,15
0.13354167938232422,0.010571168708267574,0.0010569095611572266,0.000874582824462529,0.8,150,0.2,"{'model__subsample': 0.8, 'model__n_estimators': 150, 'model__learning_rate': 0.2}",-4.338616159172324,-4.254355293120206,-5.433606672485841,-4.423592730815696,-5.2132635278337,-4.732686876685554,0.49028043057458975,1
0.14419798851013182,0.004029191420911133,0.0013111114501953125,0.00040644135934377414,0.6,200,0.1,"{'model__subsample': 0.6, 'model__n_estimators': 200, 'model__learning_rate': 0.1}",-4.338203894929636,-4.48931971811416,-5.448910873796453,-4.857582902252859,-4.8276937445204,-4.792342226722701,0.38331520423841525,4
0.0393277645111084,0.003038878258288541,0.0011645317077636718,0.00056736598261349,0.6,50,0.1,"{'model__subsample': 0.6, 'model__n_estimators': 50, 'model__learning_rate': 0.1}",-5.533266181540439,-5.832757650927445,-6.239871110537156,-5.904064983144394,-5.654824579455362,-5.832956901120959,0.2417358989803399,22
0.13087043762207032,0.010844095903530127,0.0010915279388427734,0.000651463162461272,1.0,150,0.03,"{'model__subsample': 1.0, 'model__n_estimators': 150, 'model__learning_rate': 0.03}",-5.799287986059173,-6.094076045288113,-6.595494711896756,-6.026254825313679,-5.946169138817655,-6.092256541475075,0.2701037937450742,24
0.0917966365814209,0.0029478777838755276,0.0015499114990234375,0.0008069521920275155,1.0,100,0.1,"{'model__subsample': 1.0, 'model__n_estimators': 100, 'model__learning_rate': 0.1}",-4.833771394832354,-5.2546328929595285,-5.97603876669821,-4.9769774777997124,-5.435434268852501,-5.295370960228461,0.39975856507117924,17
0.1531933307647705,0.004925426198801987,0.0011033058166503907,0.0006476707048285192,0.6,200,0.03,"{'model__subsample': 0.6, 'model__n_estimators': 200, 'model__learning_rate': 0.03}",-5.223928437734561,-5.674675397947354,-6.018840583967853,-5.619043040595075,-5.448409890188332,-5.596979470086635,0.2629563654163659,19
0.1680081844329834,0.004823998356282593,0.0012643814086914062,0.0009659304260791459,0.8,200,0.2,"{'model__subsample': 0.8, 'model__n_estimators': 200, 'model__learning_rate': 0.2}",-4.282768521388974,-4.420254072611137,-5.440897584022477,-4.283922762596989,-5.260040238695554,-4.737576635863026,0.5061569794587693,2
0.0419095516204834,0.00931957867088465,0.000993633270263672,0.0010400503985140887,0.6,50,0.03,"{'model__subsample': 0.6, 'model__n_estimators': 50, 'model__learning_rate': 0.03}",-8.446573161381504,-8.704105804555468,-8.976986849127607,-9.08428904763463,-8.496188816110443,-8.741628735761932,0.2535807750432053,28
0.08348555564880371,0.0030372887998344894,0.0005786895751953125,0.0005910205741808336,0.8,100,0.03,"{'model__subsample': 0.8, 'model__n_estimators': 100, 'model__learning_rate': 0.03}",-6.416171587556985,-6.8758916807217805,-7.051434078997092,-6.8827751497564815,-6.54057968240336,-6.75337043588714,0.23646646224561776,26
0.08968997001647949,0.006437288243668365,0.0006059646606445312,0.0007421804338014122,1.0,100,0.2,"{'model__subsample': 1.0, 'model__n_estimators': 100, 'model__learning_rate': 0.2}",-4.316477587632492,-4.771010105747192,-5.9174559753951055,-4.894507112849305,-5.124643026619609,-5.004818761648741,0.5268611311668272,13
0.07389998435974121,0.007428055387832256,0.0003996849060058594,0.0004895120620278284,0.6,100,0.1,"{'model__subsample': 0.6, 'model__n_estimators': 100, 'model__learning_rate': 0.1}",-4.747142195940431,-4.880975505057657,-5.601629143753662,-5.179115703086391,-5.099959036443529,-5.101764316856334,0.2933788980879644,14
0.12909893989562987,0.008914170000474703,0.0007524967193603515,0.0005004950912160567,0.8,150,0.1,"{'model__subsample': 0.8, 'model__n_estimators': 150, 'model__learning_rate': 0.1}",-4.356562251725715,-4.5316770364549,-5.596163062084736,-4.717581233388243,-5.1272938497757385,-4.8658554866858665,0.4460357076167786,8
0.09152603149414062,0.008919934053474259,0.0007660865783691406,0.0006946551773578441,1.0,100,0.03,"{'model__subsample': 1.0, 'model__n_estimators': 100, 'model__learning_rate': 0.03}",-6.581785759231045,-6.940284244751623,-7.239744320591549,-6.91099517224521,-6.56130947111313,-6.846823793586512,0.25258778684065614,27
0.17087583541870116,0.007113273823845739,0.0014690399169921876,0.0005128273703382457,1.0,200,0.03,"{'model__subsample': 1.0, 'model__n_estimators': 200, 'model__learning_rate': 0.03}",-5.426214757200543,-5.705164636169185,-6.268376125994832,-5.606162627673082,-5.703641731754068,-5.741911975758343,0.2821602733688643,21
0.04592661857604981,0.004375541976897366,0.001201772689819336,0.00047984416306480205,0.8,50,0.03,"{'model__subsample': 0.8, 'model__n_estimators': 50, 'model__learning_rate': 0.03}",-8.519708680583433,-8.691388196522412,-8.986921053678731,-9.155652226661495,-8.622688654903866,-8.795271762469989,0.23795599012493035,29
0.039091062545776364,0.0035269983693967796,0.0004002571105957031,0.0004902136783269751,0.6,50,0.2,"{'model__subsample': 0.6, 'model__n_estimators': 50, 'model__learning_rate': 0.2}",-4.887931130899352,-5.0828288924970275,-6.018127330719526,-5.26664687758908,-5.21426487591743,-5.293959821524483,0.3849549140972843,16
0.04707403182983398,0.004590016229186222,0.0016133308410644532,0.0004898712321993825,1.0,50,0.03,"{'model__subsample': 1.0, 'model__n_estimators': 50, 'model__learning_rate': 0.03}",-8.565700381260791,-8.734656336953613,-9.120802138648935,-9.244035015338797,-8.63478421398929,-8.859995617238285,0.271494419153852,30
0.13798866271972657,0.008990560250348176,0.0014601707458496093,0.001903205559688218,0.6,200,0.2,"{'model__subsample': 0.6, 'model__n_estimators': 200, 'model__learning_rate': 0.2}",-4.160115621667071,-4.743791424982568,-5.801018655363529,-4.5432493439789905,-4.728433236634709,-4.795321656525372,0.5450840369013362,5
0.07213201522827148,0.003457732934741897,0.0005473613739013672,0.0004570366729079388,0.6,100,0.03,"{'model__subsample': 0.6, 'model__n_estimators': 100, 'model__learning_rate': 0.03}",-6.45217442897743,-6.910366693781852,-7.072398501322088,-6.805191504185219,-6.389787378538605,-6.72598370136104,0.2639218303501659,25
0.12351703643798828,0.007077487847015179,0.0010340213775634766,0.0009407000505816501,1.0,150,0.2,"{'model__subsample': 1.0, 'model__n_estimators': 150, 'model__learning_rate': 0.2}",-4.1889015647609495,-4.6453023044959725,-5.881449935739059,-4.711660801098913,-4.948414783920528,-4.875145878003084,0.560089793747445,9
0.16184840202331544,0.006769018109805914,0.001013946533203125,0.0006385123287597646,1.0,200,0.1,"{'model__subsample': 1.0, 'model__n_estimators': 200, 'model__learning_rate': 0.1}",-4.295119617311472,-4.788719577583773,-5.798225366505119,-4.6105498511793455,-5.093491992636885,-4.917221281043319,0.5108444178163908,12
0.07582249641418456,0.005490454434710628,0.00041217803955078124,0.0005051933945959578,0.6,100,0.2,"{'model__subsample': 0.6, 'model__n_estimators': 100, 'model__learning_rate': 0.2}",-4.44460208611249,-4.682108223439338,-5.756597478108264,-4.767007917481289,-4.903042990319556,-4.910671739092187,0.4484975026672469,11
0.16235365867614746,0.007744926477371452,0.00030918121337890624,0.00039092139737489625,0.8,200,0.03,"{'model__subsample': 0.8, 'model__n_estimators': 200, 'model__learning_rate': 0.03}",-5.148769487038407,-5.604527513083426,-6.033085469401098,-5.579181285113411,-5.653277283808555,-5.603768207688979,0.28085348099045626,20
0.15341320037841796,0.004714703443107061,0.0010116100311279297,0.0009077227622798904,0.8,200,0.1,"{'model__subsample': 0.8, 'model__n_estimators': 200, 'model__learning_rate': 0.1}",-4.2227699970859645,-4.444260185509889,-5.528007562901729,-4.533439651236521,-4.964136126872609,-4.738522704721342,0.4623501058772376,3
0.10465898513793945,0.00760183675358679,0.00020012855529785156,0.0004002571105957031,0.6,150,0.1,"{'model__subsample': 0.6, 'model__n_estimators': 150, 'model__learning_rate': 0.1}",-4.472821382392063,-4.713054528371942,-5.46378652600184,-4.904959842787041,-4.903720806186025,-4.891668617147782,0.3271014559254923,10
